name,city,state,country,workerCount,womenPercentage,engagementProgram,x,y
"Wenzhou Zhongqiao Shoes Co., Ltd ",Wenzhou,Zhejiang,China,0-100,26-50%,NA,120.651,28.018
Welspun India Limited Anjar,Anjar,Gujarat,India,1001+,0-25%,NA,70.028,23.11
Leader Garments Corporation,Carmona,Cavite,Philippines,501-1000,51-75%,NA,121.034,14.3
"Huizhou Xinweifa Industrial Co., Ltd.",Huizhou,Guangdong,China,101-500,26-50%,NA,114.414,23.106
"CCP Contact Probe Co., Ltd.",Dongguan,Guangdong,China,1001+,26-50%,NA,113.747,23.044
Century Oversea ,New Delhi,Delhi,India,501-1000,0-25%,NA,77.148,28.652
Welspun India Limited Vapi,Vapi,Gujarat,India,1001+,0-25%,NA,72.917,20.372
"Nanyuan Knitting And Garments Co., Ltd. Taihe",Fuyang,Anhui,China,501-1000,76-100%,NA,115.809,32.893
"Hangzhou Dafangtools Co., Ltd",Hangzhou,Zhejiang,China,0-100,76-100%,NA,120.205,30.249
KYOCERA Connector products (Dongguan) Co. Ltd,Dongguan,Guangdong,China,501-1000,76-100%,NA,113.747,23.044
Mektec Corporation,Kaohsiung,Kaohsiung,Taiwan,501-1000,26-50%,NA,120.364,22.53
"Singapore - Micron Semiconductor, PTE Ltd.",Singapore,NA,Singapore,1001+,26-50%,NA,103.865,1.318
Southern Motion Baldwyn Plant,Baldwyn,Mississippi,United States,101-500,26-50%,NA,-88.635,34.51
OSM HK Limited,Shenzhen,Guangdong,China,101-500,51-75%,NA,114.055,22.545
"Lu'An The Sea Feather Down Products Company., Ltd.",Lu'an,Anhui,China,101-500,76-100%,NA,116.298,31.814
Epson Precision Malaysia Sdn. Bhd.,Sungai Buloh  ,Kuala Lumpur,Malaysia,1001+,0-25%,NA,101.612,3.2
"Taizhou Donghe Arts & Crafts Co., Ltd. ",Taizhou,Zhejiang,China,0-100,76-100%,NA,121.416,28.658
Bac Giang Lng Garment Corporation ,Bac Giang,Bắc Giang,Vietnam,1001+,76-100%,Better Work,106.194,21.278
"Singatron Electronic (Chung-Shan) Co.,LTD",Zhongshan,Guangdong,China,1001+,51-75%,NA,113.366,22.521
"Zhejiang Babei Necktie Weaving Mill Co, Ltd",Shaoxing,Zhejiang,China,101-500,76-100%,NA,120.827,29.563
"Jiangsu Hysafety Co., Ltd.",Huai’an,Jiangsu,China,101-500,76-100%,NA,119.021,33.59
"Cixi Modern Electric Industry Co., Ltd",Cixi,Zhejiang ,China,101-500,26-50%,NA,121.262,30.171
"Huizhou Jianrou Technology Co., Ltd.",Huizhou,Guangdong,China,1001+,26-50%,NA,114.414,23.106
International Vitamin Corporation (IVA),Mira Loma,California,United States,101-500,26-50%,NA,-117.515,33.982
Foshan Shunde Midea Electrical Heating App. Mfg. Co. Ltd,Foshan,Guangdong,China,1001+,26-50%,NA,113.115,23.025
Medike International,Markdale,Ontario,Canada,0-100,76-100%,NA,-80.649,44.319
"Jiangsu Xiangfa Silk Garment Co., Ltd",Jintan,Jiangsu,China,0-100,76-100%,NA,119.583,31.724
"Shanghai Shift Electrics Co., Ltd",Shanghai,Shanghai,China,501-1000,51-75%,NA,121.351,30.847
Cal-Comp Philippines,Lipa City,Batangas,Philippines,1001+,76-100%,NA,121.138,14.009
"Ningbo Shining Golden Yida Co., Ltd.",Ningbo,Zhejiang,China,0-100,76-100%,NA,121.62,29.862
"Anbo Home Goods (Shenzhen) Co., Ltd.",Shenzhen,Guangdong,China,501-1000,26-50%,NA,114.055,22.545
Dinarsu Imalat Ve Ticaret Turk A.S.,Cerkezkoy,Tekirdag,Turkey,101-500,26-50%,NA,27.987,41.262
Xinxing Xianfeng Stainless Steet Mfg. Ltd Xijiao Branch,Yunfu,Guangdong,China,1001+,26-50%,NA,112.04,22.917
Ningbo Cinemount Design And Manufacturing Co Ltd.,Fenghua,Zhejiang,China,101-500,26-50%,NA,121.402,29.658
"Murata Electronics, Inc. (Fukui)",Echizen-shi,Fukui,Japan,501-1000,26-50%,NA,136.169,35.903
Anany Expo,Jaipur,Rajasthan,India,0-100,26-50%,NA,75.82,26.916
Guangdong Midea Consumer Electric Mfg. Co.,Foshan,Guangdong,China,1001+,26-50%,NA,113.115,23.025
Dongguan Liaobu Xing Hua Textile Mill,Dongguan,Guangdong,China,0-100,51-75%,NA,113.747,23.044
"Green Point Technology (Shenzhen) Co., Ltd.",Shenzhen,Guangdong,China,101-500,0-25%,NA,114.055,22.545
OmniVision Semiconductor (Shanghai) Co. Ltd. (Factory),Shanghai,Shanghai,China,1001+,26-50%,NA,121.489,31.225
"Chang Ku Garment Co., Ltd",Foshan,Guangdong,China,0-100,26-50%,NA,113.115,23.025
"Ningbo Orchid Electric Appliance Manufacturing Co., Ltd.",Ningbo,Zhejiang,China,101-500,26-50%,NA,121.264,30.176
Ecco Tannery ( Xiamen ) Co. Ltd,Xiamen,Fujian,China,101-500,26-50%,NA,118.075,24.459
Ace Fashion (Shenzhen) Co. Ltd,Shenzhen,Guangdong,China,0-100,51-75%,NA,114.055,22.545
Ozanteks Tekstil San. Ve Tic. A.S.,Denizli,Denizli Province,Turkey,1001+,51-75%,NA,29.064,37.828
"TCL Technoly Electronics (Huizhou) Co., Ltd",Huizhou,Guangdong,China,0-100,26-50%,NA,114.414,23.106
Salcomp (Shenzhen),Shenzhen,Guangdong,China,1001+,51-75%,NA,114.055,22.545
Bratex (Pvt.) Ltd.,Katunayake,Western Province,Sri Lanka,501-1000,0-25%,NA,79.891,7.164
Arizona Nutritional Supplements,Chandler,Arizona,United States,101-500,26-50%,NA,-111.841,33.305999
Kavset Exports Pvt. Ltd.,Greater Noida,Uttar Pradesh,India,101-500,0-25%,NA,77.514,28.467
Kingbright Corporation / SunLED Corporation,Shenzhen,Guangdong,China,0-100,26-50%,NA,114.055,22.545
"Main Power Inno Tech (Shenzhen) Manufacturing Co., Ltd.",Shenzhen,Guangdong,China,1001+,26-50%,NA,114.055,22.545
Azim & Son (Pvt.) Ltd.,Dhaka,Dhaka,Bangladesh,1001+,51-75%,Better Work,90.378,23.936
"Henan Baisheng Footwear Co., Ltd",Shangqiu,Henan,China,501-1000,76-100%,NA,115.697,34.326
Nice-Pak International Limited,Wigan,England,United Kingdom,101-500,26-50%,NA,-2.628,53.538
Ningbo Safewell Safes Mfg. Ltd,Ningbo,Zhejiang,China,0-100,0-25%,NA,121.62,29.862
Dongguan Yaozhi Shoes Corp,Dongguan,Guangdong,China,0-100,26-50%,HERhealth,113.747,23.044
Shivam Impex,Ludhiana,Punjab,India,0-100,0-25%,NA,75.852,30.909
Wenzhou Sanxing Eco-Friendly Packaging Co Ltd,Wenzhou,Zhejiang,China,101-500,51-75%,NA,120.692,27.996
Singapore Dai-Ichi PTE. LTD. (Woodlands Plant),Singapore,NA,Singapore,1001+,0-25%,NA,103.807,1.453
"Suzhou Yaween Textile Products Co., Ltd",Changshu,Jiangsu,China,0-100,51-75%,NA,120.748,31.657
"Wuhu Lixin Cleaning Products Co., Ltd.",Wuhu,Anhui,China,101-500,76-100%,NA,118.428,31.354
M/S Swastik Fabrics & Exporters,Faridabad,Haryana,India,0-100,0-25%,NA,77.309,28.403
Pencil And Stationery Products Mfg. Inc.,Subic Bay Freeport Zone,Batangas,Philippines,0-100,51-75%,NA,120.296,14.829
Lameirinho - Industria Textil SA,Guimarães,Braga,Portugal,501-1000,26-50%,NA,-8.295999,41.442
Ss Paper Convertors,Ghaziabad,Uttar Pradesh,India,0-100,26-50%,NA,77.268,28.783
Hongfujin Precision Ltd (Plastic Resource Application Centre),Shenzhen,Guangdong,China,0-100,26-50%,NA,114.055,22.545
Freewill Sports Pvt Ltd,Jalandhar,Punjab,India,501-1000,,NA,75.577,31.332
"SMK Electronics (Dongguan) Co., Ltd",Dongguan,Guangdong,China,1001+,51-75%,NA,113.747,23.044
"Yuyao City Fuda Electronic Co., Ltd.",Yuyao,Zhejiang,China,101-500,51-75%,NA,121.15,30.039
Tops Products,Union,Missouri,United States,101-500,26-50%,NA,-91.004,38.444
"Shanghai Donnelley Printing Co., Ltd",Shanghai,Shanghai,China,1001+,26-50%,NA,121.489,31.225
Frendi Fashions Pvt Ltd,Chennai,Tamil Nadu,India,101-500,76-100%,NA,80.284,13.08
Elite Screens China Corp.,Shenzhen,Guangdong,China,101-500,26-50%,NA,114.055,22.545
"Bigland Electric Appliance Co., Ltd",Dongguan,Guangdong,China,101-500,51-75%,NA,113.747,23.044
"Zhejiang Xinya Electronic Technology Co., Ltd",Wenzhou,Zhejiang,China,501-1000,51-75%,NA,120.692,27.996
Goertek Inc. (CM),Weifang,Shandong,China,501-1000,26-50%,NA,119.156,36.707
"Dashine Electronics Co., Ltd",Shenzhen,Guangdong,China,1001+,51-75%,NA,114.055,22.545
TTK Prestige Limited Karjan,Karjan,Gujarat,India,501-1000,0-25%,NA,73.009,21.307
"Shenzhen Comix Stationery Mfy Co., Ltd.",Shenzhen,Guangdong,China,501-1000,26-50%,NA,114.055,22.545
"Desay Battery Co., Ltd.",Huizhou,Guangdong,China,1001+,26-50%,NA,114.414,23.106
Kkp Finelinen Pvt Ltd,Namakkal,Tamil Nadu,India,101-500,51-75%,NA,78.168,11.219
"Quanzhou Pan-Sports Industrial Co., Ltd.",Quanzhou,Fujian,China,0-100,51-75%,NA,118.585,24.904
"Wuxi Jinmao Pet Product Co., Ltd",Wuxi,Jiangsu,China,0-100,51-75%,NA,120.295,31.578
Qidong Linkconn Electronics,Qidong,Jiangsu,China,1001+,26-50%,NA,121.656,31.813
Tongxiang Xinlong Fty,Tongxiang,Zhejiang,China,101-500,51-75%,NA,120.561,30.632
First Quality Consumer Products - King Of Prussia,King of Prussia,Pennsylvania,United States,101-500,,NA,-75.383,40.091
Guoguang Electric Company Limited,Guangzhou,Guangdong,China,1001+,26-50%,NA,113.259,23.13
"PJ Chonburi Parawood Co., Ltd",Banbung,Chonburi,Thailand,101-500,26-50%,NA,101.157,13.199
Hynix Semiconductor Inc. (Cheongju),Seoul,Chungcheongbuk-Do ,South Korea,1001+,0-25%,NA,127.481,36.635
Wanxinda (Guangnzhou) Technology Product Co Ltd,Guangzhou,Guangdong,China,501-1000,51-75%,NA,113.747,23.044
"Shandong Xinyu Knit Co., Ltd.",Haiyang,Shandong,China,101-500,76-100%,NA,121.169,36.688
Intertape Polymer Group - Danville Site,Danville,Virginia,United States,101-500,0-25%,NA,-79.395,36.586
Song Fu Electronics (Shenzhen) Co Ltd.,Shenzhen,Guangdong,China,101-500,51-75%,NA,114.055,22.545
Duc Giang Corporation,Hà Nội,Hà Nội,Vietnam,1001+,76-100%,Better Work,105.891,21.067
"Fashion Garments Mekong Co., Ltd. ",An Hoà,Đồng Tháp,Vietnam,501-1000,51-75%,NA,105.37,10.742
"Zhejiang Safemate Automotive Safety &Emergency Tech. Co., Ltd",Hangzhou,Zhejiang,China,101-500,26-50%,NA,120.205,30.249
Modern Home Lighting Inc.,Dongguan,Guangdong,China,101-500,26-50%,NA,113.747,23.044
Ashima Dyecot Pvt. Ltd.,Ahmedabad,Gujarat,India,101-500,76-100%,NA,72.58,23.022
"Nanjing Wally Electronics Technology Co., Ltd",Nanjin,Jiangsu,China,501-1000,51-75%,NA,118.797,32.06
Dhruv Globals Ltd,Faridabad,Haryana,India,1001+,0-25%,NA,77.309,28.403
SSV Export Garment Company ,Hoàng Diệu,Hải Dương,Vietnam,1001+,76-100%,Better Work,106.322,20.95
Top Fame (Cambodia) Garment Co Ltd,Phnom Penh,Phnom Penh,Cambodia,501-1000,,Better Work,104.881,11.505
Leshan Phoenix Semiconductor,Leshan,Sichuan,China,501-1000,0-25%,NA,103.762,29.561
Yongkang Fengran Industry And Trade Co Ltd,Yongkong,Zhejiang,China,0-100,26-50%,NA,120.089,28.854
Georgia Pacific Hattiesburg ,Hattiesburg,Mississippi,United States,101-500,0-25%,NA,-89.29,31.327
Dongguan Ergotron Precision Technology Company Ltd,Dongguan,Guangdong,China,501-1000,51-75%,NA,113.747,23.044
Kashyap Footwear Industries,Agra,Uttar Pradesh,India,0-100,0-25%,NA,78.01,27.175
PCA International Falls Mill ,International Falls,Minnesota,United States,101-500,0-25%,NA,-93.411,48.601
"Sunwoda Electronic Co., Ltd.",Shenzhen,Guangdong,China,1001+,51-75%,NA,114.055,22.545
"Minhou Weisheng Arts & Crafts Co., Ltd",Fuzhou,Fujian,China,0-100,26-50%,NA,119.292,26.077
Zen Linen International Pvt Ltd - Chennai,Chennai,Tamil Nadu,India,101-500,76-100%,HERhealth,80.284,13.08
Ditalia Moveis Industrial Ltda ,Monte Belo Do Sul,Rio Grande Do Sul,Brazil,101-500,51-75%,NA,-51.633,-29.167
TPK Touch Solutions (Xiamen) Inc.,Xiamen,Fujian,China,1001+,26-50%,NA,118.075,24.459
"Shenzhen ETLINK Technology Co.,Ltd",Shenzhen,Guangdong,China,0-100,51-75%,NA,114.055,22.545
Epson Precision Suzhou Co. Ltd.,Suzhou,Jiangsu,China,501-1000,51-75%,NA,120.734,31.403
Liago - Comercio E Industria De Calcado ,Sernande ,Felgueiras,Portugal,0-100,51-75%,NA,-8.239,41.343
Pegatron Corporation - Taoyuan,Taoyuan City,Taoyuan,Taiwan,101-500,26-50%,NA,121.328,24.989
Green Textile Limited ,Mymensingh,Dhaka,Bangladesh,1001+,51-75%,Better Work,90.632,24.004
"Zhuji Mingrun Textile Garments Co., Ltd",Shaoxing,Zhejiang,China,101-500,76-100%,NA,121.416,28.658
"Shenzhen Hong Chang Shun Cosmetic Fittings., Limited",Shenzhen,Guangdong,China,0-100,51-75%,NA,114.055,22.545
Samsung Semiconductor Inc. - Onyang,Asan City,Kyungki-do,South Korea,1001+,,NA,127.066,36.77
Phu Hung Joint Stock Company,Phù Cừ,Hưng Yên,Vietnam,501-1000,51-75%,Better Work,106.181,20.713
Guangdong Wireking Household Supplies Co. Ltd,Foshan,Guangdong,China,501-1000,0-25%,NA,113.115,23.025
"Zhenjiang Jinmao Weiye Artware Co., Ltd",Zhenjiang,Jiangsu,China,101-500,76-100%,NA,119.792,32.238
Crowntec (Jiang Xi) Sports Technology Co. Ltd.,Jiujiang,Jiangxi,China,101-500,26-50%,NA,115.991,29.728
CTDI Glenrothes,Fife,Scotland,United Kingdom,101-500,26-50%,NA,-3.15,56.18
Bergner Impex (India) Pvt Ltd.,Thane,Maharashtra,India,101-500,0-25%,NA,72.97,19.194
Dynamic Aura LLP,Noida,Uttar Pradesh,India,101-500,0-25%,NA,77.355,28.573
Presto Products Company ,Carrollton,Texas,United States,101-500,26-50%,NA,-96.89,32.954
Perrigo Animal Health - Omaha,Omaha,Nebraska,United States,0-100,51-75%,NA,-95.938,41.259
Yiwu Nuohua Clothes Co. Ltd,Yiwu,Zhejiang,China,0-100,51-75%,NA,120.07,29.306
Iovate Health Sciences International Milk Specialties,Wautoma,Wisconsin,United States,101-500,26-50%,NA,-89.288,44.075
Suzhou Aoke Rubber Technology Ltd.,Suzhou,Jiangsu,China,0-100,51-75%,NA,120.734,31.403
Dongguan Chilisin Electronics Ltd.,Dongguan,Guangdong,China,1001+,51-75%,NA,113.747,23.044
Carpet International,Bhadohi,Uttar Pradesh,India,101-500,0-25%,NA,82.488,25.423
Viet Tin Wood. Ltd.,Tân Uyên,Bình Dương,Vietnam,101-500,26-50%,NA,106.764,11.056
"Yiwanda Shoes Co., Ltd",Wenzhou,Zhejiang,China,501-1000,26-50%,NA,120.692,27.996
Ktex Industrial Co Ltd,Dhaka,Dhaka,Bangladesh,501-1000,76-100%,NA,90.356,23.81
"Toshiba America Electronic Components, Inc. (Kaga)",Nomi-shi ,Ishikawa,Japan,1001+,26-50%,NA,136.57,36.447
Ex-Cell Home Fashions (China) Ltd,Dongguan,Guangdong,China,101-500,51-75%,NA,113.747,23.044
Shenzhen Hedi Cosmetic Tools Co. Ltd ,Shenzhen,Guangdong,China,0-100,51-75%,NA,114.055,22.545
Chicony Electronics (Dongguan) Co Ltd,Dongguan,Guangdong,China,1001+,26-50%,NA,113.747,23.044
WD Malaysia - Kuala Lumpur,Petaling Jaya,Petaling,Malaysia,101-500,0-25%,NA,101.608,3.092
PT. Ghim Li Indonesia,Batam,Riau,Indonesia,1001+,51-75%,NA,104.038,1.106
"Universal Packaging Systems, Inc.",Chino,California,United States,101-500,51-75%,NA,-117.69,34.013
"Shenzhen Fugui Precision Industry Co., Ltd.  ",Shenzhen,Guangdong,China,1001+,51-75%,NA,114.055,22.545
"Dalian Yangerte Garment Co., Ltd",Dalian,Liaoning,China,0-100,51-75%,NA,121.628,38.918
"Dongguan Ke Tai Hong Electronics Co., Ltd.",Dongguan,Guangdong,China,101-500,51-75%,NA,113.747,23.044
Quoi Chi Garment And Trading Company Ltd,Hồ Chí Minh,Hồ Chí Minh City,Vietnam,101-500,51-75%,NA,106.603,10.866
Sealed Air Corporation (China),Shanghai,Shanghai,China,0-100,0-25%,NA,121.12,31.152
"Xiangshan Tongfu Garment Co., Ltd ",Ningbo,ZheJiang,China,101-500,76-100%,NA,121.62,29.862
Apollo-Toronto,Toronto,Ontario,Canada,101-500,26-50%,NA,-79.387,43.654
Sealed Air Corporation (North Carolina),Hudson,North Carolina,United States,0-100,0-25%,NA,-81.496,35.848
"Universal Scientific Industrial (Shanghai) Co., Ltd.",Shanghai,Shanghai,China,1001+,51-75%,NA,121.489,31.225
"Nantong Ironman Sporting Industrial Co., Ltd",Nantong,Jiangsu,China,0-100,51-75%,NA,120.89,31.983
Fellowes Inc.,Itasca,Illinois,United States,101-500,26-50%,NA,-88.007,41.975
"Ningbo Guangbo Plastic Products Manufacture Co., Ltd.",Ningbo,Zhejiang,China,101-500,76-100%,NA,121.62,29.862
"Kimberly-Clark GmbH, Niederbipp Mill",Niederbipp,Bern,Switzerland,101-500,0-25%,NA,7.703,47.276
Yasin Kaplan Takstil Ve Hali San. Ve Tic.As.,Şehitkamil,Gaziantep Province,Turkey,501-1000,0-25%,NA,37.316,37.162
Shantou Glory Master Knitting Factory Ltd,Shantou,Guangdong,China,101-500,51-75%,NA,116.678,23.356
"Putian Hanjiang District Xieshun Footwear Co., Ltd. ",Putian,Fujian,China,101-500,51-75%,NA,119.007,25.434
"Micron Semiconductor Co., Ltd. - Xi'an ",Xi'an,Shaanxi,China,1001+,,NA,108.937,34.347
Lenny Apparels Limited,Dhaka,Dhaka,Bangladesh,1001+,76-100%,"HERhealth, HERfinance ",90.272,23.94
"Shanghai Meadville Electronics Co., Ltd",Shanghai,Shanghai,China,501-1000,26-50%,NA,121.489,31.225
Jagdamba Cutlery Private Limited,Sonipat,Haryana,India,1001+,26-50%,NA,76.932,29.053
M/S Body Care International Limited,Noida,Uttar Pradesh,India,101-500,0-25%,NA,77.355,28.573
"Ningbo Lisi Houseware Co., Ltd.",Ningbo,Zhejiang,China,101-500,51-75%,NA,121.62,29.862
Nanya Technology Corporation - New Taipei,New Taipei City,Taipei,Taiwan,501-1000,,NA,121.418,25.058
"Ningbo East Cleaning Tool Co., Ltd.",Ningbo,Zhejiang,China,101-500,26-50%,NA,121.62,29.862
Soffass Converting Tassignano ,Tassignano,Lucca,Italy,101-500,0-25%,NA,10.578,43.826
Linea Aqua (Private) Limited,Kapugoda,Western Province,Sri Lanka,1001+,51-75%,NA,80.09,6.943
"Zhejiang Huanniao Shoes Co., Ltd ",Whenzhou,Zhejiang,China,101-500,26-50%,NA,120.576,28.035
"New Pourskey Lighting Technology Co., Ltd",Dongguan,Guangdong,China,0-100,26-50%,NA,113.747,23.044
"Wuxi Yada Knitting Co., Ltd",Wuxi,Jiangsu,China,0-100,76-100%,NA,120.295,31.578
"Murata Electronics, Inc. (Shiga, Japan)",Higashiomi-shi,Shiga,Japan,1001+,0-25%,NA,136.267,35.123
"Chaozhou Qingfa Ceramics Co., Ltd.",Chaozhou,Guangdong,China,101-500,26-50%,NA,116.612,23.664
Sai Corporation ,Kala Amb,Himachal Pradesh,India,101-500,26-50%,NA,77.208,30.52
Aster Tekstil Sanayi Ve Dis Ticaret A.S. - Babaeski  ,Babaeski,Kirklareli Province,Turkey,501-1000,51-75%,NA,27.06,41.446
First Quality - Drummondville ,Drummondville,Québec,Canada,101-500,26-50%,NA,-72.502,45.886
Bonapack,Huizhou,Guandong,China,0-100,26-50%,NA,114.256,23.094
Hi-P Suzhou,Suzhou,Jiangsu,China,1001+,26-50%,NA,120.734,31.403
The Airtex Group,Minneapolis,Minnesota,United States,0-100,51-75%,NA,-93.268,44.971
"Dongguan Walsin Technology Electronics Co., Ltd",Dongguan,Guangdong,China,1001+,26-50%,NA,113.747,23.044
"Fruit Of The Earth, Inc. - Grand Prairie",Grand Prairie,Texas,United States,101-500,26-50%,NA,-97.028,32.656999
"Shenzhen Grandsun Electronic Co., Ltd.",Shenzhen,Guangdong,China,1001+,51-75%,NA,114.055,22.545
"Rugao Dingfeng Textile Products Co., Ltd",Rugao,Jiangsu,China,0-100,76-100%,NA,120.564,32.393
Presto Products ,South Boston,Virginia,United States,101-500,26-50%,NA,-78.901,36.699
"Ningbo Deli Binding Equipment Co., Ltd.",Ningbo,Zhejiang,China,501-1000,51-75%,NA,121.62,29.862
"Dongguan Kong Hing Knitting Garment Co., Ltd.",Dongguan,Guangdong,China,0-100,51-75%,NA,113.747,23.044
Chemico International,Chennai,Tamil Nadu,India,0-100,0-25%,NA,80.284,13.08
Hind Rubber Factory,Jalandhar,Punjab,India,0-100,0-25%,NA,75.577,31.332
Ashoka Foam Multiplast Ltd ,Bareilly,Uttar Pradesh,India,0-100,0-25%,NA,79.41,28.352
TDK (Suzhou) MLCC Factory,Suzhou,Jiangsu,China,101-500,51-75%,NA,120.734,31.403
AMS Asia Inc.,Calamba City,Laguna,Philippines,101-500,26-50%,NA,121.125,14.188
Clifton Cotton Mills Limited,Chittagong,Chittagong,Bangladesh,1001+,0-25%,Better Work,91.868,22.39
Innovative Gloves Company Ltd,Hat Yai,Songkhla,Thailand,501-1000,51-75%,NA,100.458,7.003
Ideal Technology Company Limited,Dongguan,Guangdong,China,101-500,26-50%,NA,113.747,23.044
Gaurav Containers Limited,Daman,Dadra and Nagar Haveli,India,0-100,0-25%,NA,72.832,20.414
"Zhejiang Sunny Optics CO., LTD.",Yuyao,Zhejiang ,China,1001+,26-50%,NA,121.156,30.09
"SII Crystal Technology, Inc.",Tochigi-shi ,Tochigi,Japan,101-500,26-50%,NA,139.708,36.368
"Weihai Dishang Huajin Garment Co., Ltd",Weihai,Shandong,China,101-500,76-100%,NA,122.115,37.512
PrimeAsia Leather Corporation,Dongguan,Guangdong,China,501-1000,26-50%,NA,113.747,23.044
"Hisense Ronshen (Yangzhou) Refrigerator Co., Ltd.",Yangzhou,Jiangsu,China,1001+,26-50%,NA,119.437,32.393
"Auspeed Sports Equipment Co., Ltd",Huizhou,Guangdong,China,0-100,0-25%,NA,114.414,23.106
"Viet Hoa Electronics Co.,Ltd.",Đà Nẵng,Đà Nẵng,Vietnam,1001+,76-100%,NA,108.14,16.081
"Guangdong Green Precision Components Co., Ltd.  ",Huizhou,Guangdong,China,1001+,26-50%,NA,114.414,23.106
Intergel Pharmaceuticals Inc,Irvington,New Jersey,United States,101-500,26-50%,NA,-74.235,40.732
"Hefei BOE Optoelectronics Technology Co., Ltd.",Hefei,Anhui,China,1001+,0-25%,NA,117.222,31.823
"Shanghai Ningyi Dress Co., Ltd",Zhangzhou,Fujian,China,0-100,0-25%,NA,117.409,24.406
Lenny Fashions Limited ,Dhaka,Dhaka,Bangladesh,1001+,76-100%,HERfinance ,90.272,23.94
Western Digital (Thailand) Co. Ltd. (HDD Operations),BangPa-In ,Ayuthaya,Thailand,1001+,76-100%,NA,100.578,14.35
International Vitamin Corporation (IVCN),Jingjiang,Jiangsu,China,101-500,26-50%,NA,120.269,32.017
Mirza International Limited ,Unnao,Uttar Pradesh,India,501-1000,0-25%,NA,80.5,26.5
"Hosonic Electronic Co., Ltd. (Hangzhou)",Hangzhou,Zhejiang,China,501-1000,76-100%,NA,120.205,30.249
"Shanghai Dai-Ichi Seiko Mould & Plastics Co., Ltd",Shanghai,Shanghai,China,501-1000,26-50%,NA,121.489,31.225
Dongguan Quan Sheng Electric,Dongguan,Guangdong,China,1001+,51-75%,NA,113.747,23.044
Roots Hair And Beauty Pvt Ltd. ,Bhiwnadi,Maharashtra,India,0-100,0-25%,NA,73.046,19.284
Partner In Pet Food CZ S.R.O. ,Veselí nad Lužnicí,South Bohemia,Czech Republic,101-500,26-50%,NA,14.707,49.195
Rapid Kitchen & Home Appliances,Rajkot,Gujarat,India,0-100,51-75%,NA,70.802,22.305
"Fuzhun Precision Electronics(Hebi) Co.,LTD",Hebi,Henan,China,1001+,51-75%,NA,114.294,35.746
Shenzhen Gaowei Handbag Products Co Ltd,Shenzhen,Guangdong,China,101-500,51-75%,NA,114.055,22.545
"H-Welldone Manufacturing Co., Ltd.",Dongguan,Guangdong,China,101-500,51-75%,NA,113.747,23.044
Amar Shoe & Leatherwears,Noida,Uttar Pradesh,India,101-500,0-25%,NA,77.355,28.573
"Shenzhen Sunway Communication Co., Ltd",Shenzhen,Guangdong,China,1001+,51-75%,NA,114.055,22.545
"Hengli Precision Industry (Guandong) Co., Ltd",Zhongshan,Guangdong,China,501-1000,26-50%,NA,113.366,22.521
"X.J. Electrics (Hubei) Co., Ltd",Qichun,Hubei,China,1001+,51-75%,NA,115.433,30.23
"Meritronics, inc.",Milpitas,California,United States,0-100,51-75%,NA,-121.907,37.428
"Guangxi Lipu Lilin Wood Products Co., Ltd.",Guilin,Guangxi,China,101-500,51-75%,NA,110.355,24.519
Cleveland Manufacturing S.A. ,Port-au-Prince,NA,Haiti,1001+,51-75%,Better Work,-72.264,18.576
Capsugel Manufacturing Inc,Greenwood,South Carolina,United States,0-100,0-25%,NA,-82.162,34.195
"Micron Technology, Inc. ",Boise,Idaho,United States,101-500,,NA,-116.201,43.617
Diamond Processors Of Ripon,Ripon,California,United States,101-500,26-50%,NA,-121.124,37.742
Hung Ha High Tech Production & Trade Centre,Hung Ha,Thái Bình,Vietnam,1001+,76-100%,Better Work,106.216,20.593
"Lian Zheng Electronics (Shen Zhen) Co, Ltd",Shenzhen,Guangdong,China,501-1000,26-50%,NA,114.055,22.545
"Hulu Garment Co., Ltd.",Phnom Penh,Phnom Penh,Cambodia,1001+,76-100%,Better Work,104.814,11.551
"Esquel Garment Manufacturing Vietnam - Hoabinh Co., Ltd",Lương Sơn,Hòa Bình,Vietnam,1001+,76-100%,"Better Work, HERhealth",105.507,20.851
Diodes Zetex Semiconductors,Oldham,England,United Kingdom,501-1000,51-75%,NA,-2.138,53.541
Smile Electronics Ltd.,Bangalore,Karnataka,India,101-500,26-50%,NA,77.591,12.979
Hai Anh Tex Joint Stock Company,Bình Giang,Hải Dương,Vietnam,1001+,76-100%,Better Work,106.182,20.887
"Jie Zhi Yang Plastic Industrial Co., Ltd",Dongguan,Guangdong,China,501-1000,26-50%,NA,113.747,23.044
KEMET (San Nicolas),San Nicolás de los Garza,Nuevo Leon,Mexico,501-1000,26-50%,NA,114.068,22.546
Att Tekstil San Ve Tic A.S. (Kirklareli Branch),Merkez,Kirklareli Province,Turkey,101-500,76-100%,NA,27.21,41.77
Katerini Textile Ltd,Pernik,Pernik Province,Bulgaria,101-500,76-100%,NA,23.057,42.608
Epson Precision Thailand Ltd., A. Pleang Yao ,Chachoengsao,Thailand,501-1000,0-25%,NA,101.076,13.679
Aluf Plastics,Orangeburg ,New York,United States,101-500,0-25%,NA,-73.95,41.047
US Nonwovens,Brentwood,New York,United States,0-100,51-75%,NA,-73.246,40.781
Rockline Industries Inc. ,Sheboygan,Wisconsin,United States,501-1000,26-50%,NA,-87.715,43.751
"Zhejiang Youqiang Industrial Co., Ltd",Jinhua,Zhejiang,China,101-500,26-50%,NA,119.649,29.108
Trendywear Pvt Ltd,Katupotha,North Western Province,Sri Lanka,501-1000,51-75%,NA,80.189,7.534
"Jiangsu Hualing Electrical Technology Co., Ltd",Changzhou,Jiangsu,China,101-500,51-75%,NA,119.969,31.813
Godrej & Boyce Mfg. Co. Ltd,Vadodara,Gujarat,India,101-500,0-25%,NA,73.196,22.297
"Zhejiang Greatstar Industrial Co., Ltd",Jiaxing,Zhejiang,China,101-500,51-75%,NA,120.45,30.452
"Qidong Vision Mounts Manufacturing Co., Ltd ",Qidong,Jiangsu,China,101-500,0-25%,NA,121.656,31.813
PT. Seyang Activewear,Purwakarta,West Java,Indonesia,501-1000,51-75%,Better Work,107.444,-6.561
Fabryka Mebli Meblosiek Sp. Z O.O.,Łódź,NA,Poland,101-500,26-50%,NA,18.197,51.35
Textrade International Ltd,Surat,Gujarat,India,501-1000,26-50%,NA,72.86,21.094
"Ningbo Hanpu Tools Co., Ltd.",Ningbo,Zhejiang,China,501-1000,51-75%,NA,121.62,29.862
"Hirose Electric, Inc. (Tohoku)",Miyako,Iwate,Japan,101-500,26-50%,NA,141.974,39.581
"Dongguan Xuntao Electronic Co., Ltd. (Luxshare Precision)",Dongguan,Guangdong,China,1001+,26-50%,NA,113.747,23.044
Intradesa Plant 8,Ilopango,San Salvador,El Salvador,501-1000,76-100%,NA,-89.118,13.697
"KEMET (Suzhou, China)",Suzhou,Jiangsu,China,501-1000,26-50%,NA,120.734,31.403
Electrospark,Manesar,Haryana,India,101-500,26-50%,NA,76.895,28.375
Ganesh Enterprise (Uttam Kitchenware) ,Rajkot,Gujarat,India,0-100,0-25%,NA,70.802,22.305
"Sky Wing Communication Electronics Co., Ltd",Dongguan,Guangdong,China,101-500,26-50%,HERhealth,113.747,23.044
Long Nan County Top Form Underwear Co. Ltd,Ganzhou,Jiangxi ,China,1001+,76-100%,NA,114.916,25.822
"X.J. Electrics (Shenzhen) Co., Ltd",Shenzhen,Guangdong,China,1001+,26-50%,NA,114.055,22.545
"Guangdong Guanghaida Industrial Co., Ltd",Dongguan,Guangdong,China,101-500,26-50%,NA,113.747,23.044
Zhangjiagang Sunrise Textile Co Ltd,Zhangjiagang,Jiangsu,China,501-1000,51-75%,NA,120.551,31.878
A Mount Inc.,New Taipei City,Taipei,Taiwan,0-100,76-100%,NA,121.411,24.984
Tianjin Sanhuan Lucky New Materials Inc,Tianjin,Tianjin,China,1001+,26-50%,NA,117.693,39.052
Alliance Rubber Company,Hot Springs,Arkansas ,United States,101-500,26-50%,NA,-93.055,34.504
"Zhejiang Sunpoly Knitting Co., Ltd.",Zhuji,Zhejiang,China,101-500,51-75%,NA,120.232,29.716
"Innocor, Inc (West Chicago) ",West Chicago,Illinois,United States,101-500,26-50%,NA,-88.204,41.885
Sealed Air Corporation (Germany),Alsfield,Hesse,Germany,101-500,0-25%,NA,9.271,50.753
Samsung Electronics -Suzhou (S001663),Suzhou,Jiangsu,China,1001+,,NA,120.734,31.403
"Guangdong Guoli Technology Co., Ltd.  ",Dongguan,Guangdong,China,101-500,26-50%,HERhealth,113.747,23.044
"NXP Semiconductors (Tianjin, China)",Tianjin,Tianjin,China,1001+,26-50%,NA,117.198,39.124
Cypress - Philippines Cavite,General Trias,Cavite,Philippines,0-100,26-50%,NA,120.794,14.184
Jiangsu Yungfu Fasion Ltd,Wuxi,Jiangsu,China,501-1000,51-75%,NA,120.295,31.578
"Shunmei Plastic Industry Co., Ltd.",Taizhou,Zhejiang,China,0-100,26-50%,NA,121.416,28.658
Dongguan Tymphany Acoustic Technology Co. Ltd.,Dongguan ,Guangdong,China,1001+,26-50%,NA,113.747,23.044
Vogue Tex (Pvt) Ltd - Bulnewa,Bulnewa,North Central Province,Sri Lanka,501-1000,76-100%,NA,80.444,8.042999
PT. KDS Indonesia,Cikarang Barat,West Java,Indonesia,1001+,0-25%,NA,107.113,-6.299
N G Electro Products Pvt Ltd,Solan,Himachal Pradesh,India,101-500,26-50%,NA,76.833,30.951
Fujian Nashida Electronic  Incorporated Company,Fuzhou,Fujian,China,101-500,76-100%,NA,119.076,26.228
"Guanzhou Bangqi Leather Co, Ltd. ",Guangzhou,Guandong,China,101-500,51-75%,NA,113.181,23.446
Alpha & Omega Semiconductor (Shanghai) Ltd.,Shanghai,Shanghai,China,501-1000,51-75%,NA,121.489,31.225
Bally Exports Pvt Ltd,Kolkata,West Bengal,India,101-500,26-50%,NA,88.348,22.568
Service Industries Limited  ,Muridke,Punjab,Pakistan,501-1000,26-50%,NA,74.189,31.802
"Apricot Furnishings Co., Ltd ",Suzhou,Jiangsu,China,101-500,26-50%,NA,120.734,31.403
Joshjosh Infotech,Tirupur,Tamil Nadu,India,0-100,51-75%,NA,77.347,11.167
Merino Industries Limited,Hosur,Tamil Nadu,India,101-500,0-25%,NA,77.831,12.733
Klaussner Furniture,Asheboro,North Carolina,United States,501-1000,26-50%,NA,-79.814,35.708
Himatsingka Linens,Hassan,Karnataka,India,1001+,26-50%,NA,76.099,13.007
Z&Z Intimates Ltd. ,Chittagong,Chittagong,Bangladesh,1001+,0-25%,NA,91.778,22.29
Xiamen Fdk Corporation,Xiamen,Fujian,China,101-500,51-75%,NA,118.075,24.459
"Jiaxing Xiu Xin Knitting Co., Ltd.",Jiaxing,Zhejiang,China,101-500,76-100%,NA,120.783,30.651
"Dongguan Good Mark New Industrial Co., Ltd.",Dongguan,Guangdong,China,1001+,26-50%,NA,113.747,23.044
Pan Overseas,Panipat,Haryana,India,101-500,0-25%,NA,76.981,29.364
Vyshak Garments,Tirupur,Tamil Nadu,India,0-100,26-50%,NA,77.345,11.102
Merinos Carpet,Şehitkamil,Gaziantep Province,Turkey,1001+,0-25%,NA,37.38,37.08
Kerry Inc - Savannah,Savannah,Georgia,United States,101-500,26-50%,NA,-81.091,32.081
"Yeu Chyuan Industrial Co., Ltd.",Chia Yi County,Chia Yi,Taiwan,101-500,51-75%,NA,120.406,23.435
Rex Enterprise,Sam Phran,Nakhon Pathom,Thailand,101-500,51-75%,NA,100.221,13.719
Nidec Vietnam Corporation,Hồ Chí Minh,Hồ Chí Minh City,Vietnam,1001+,51-75%,NA,106.786,10.856
Industrias Del Interior S. Del R.L.C D E C.V (Georgina),Aguascalientes,Aguascalientes,Mexico,501-1000,0-25%,NA,-102.281,21.833
New Natraj Industries,Vasai,Maharashtra,India,0-100,0-25%,NA,72.872,19.43
Arihant Art Exim (Lariya Art Palace Pvt Ltd),Jodhpur,Rajasthan,India,0-100,0-25%,NA,73.035,26.297
"GD Midea Air Conditioning Equipment Co., Ltd",Foshan,Guangdong,China,1001+,26-50%,NA,113.115,23.025
Life Science Nutritionals (LSN),Acton Vale,Québec,Canada,0-100,51-75%,NA,-72.565,45.647
"Huizhou U&T Electronics Co., Ltd",Huizhou  ,Guangdong,China,101-500,26-50%,NA,114.414,23.106
K&D Technology Co. Ltd. (Bengbu),Bengbu,Anhui,China,101-500,51-75%,NA,117.411,33.104999
"Artisan Industrial Co., Ltd.",Xin-Hui,Guandong,China,101-500,51-75%,NA,113.678,22.636
"Lifeng Manufacturing Co., Ltd",Taizhou,Zhejiang,China,101-500,51-75%,NA,121.416,28.658
Ideas (Jiangxi) Enterprises Ltd,Ganzhou,Jiangxi ,China,101-500,76-100%,NA,114.916,25.822
Crystal S.A.S Sede Marinilla,Marinilla,Antioquia,Colombia,501-1000,26-50%,NA,-75.307,6.178
Dongguan Jiaying Shoes Limited ,Dongguan,Guangdong,China,501-1000,51-75%,NA,113.747,23.044
Bestway (Nantong) Recreation Corp.,Nantong,Jiangsu,China,1001+,51-75%,NA,120.89,31.983
M/S. B K International Pvt. Ltd,Sonipat,Haryana,India,101-500,0-25%,NA,76.932,29.053
Taiyo Yuden (China),Dongguan,Guangdong,China,1001+,51-75%,NA,113.747,23.044
"Ka Fung Industrial Technology (Huizhou) Co., Ltd.",Huizhou,Guandong,China,1001+,26-50%,NA,114.256,23.094
"Interflex Co., Ltd (HQ and Factory)",Asan City,Kyungki-do,South Korea,101-500,26-50%,NA,126.765,37.317
Forte Furniture Products India Private Ltd,Kakkalur,Tamil Nadu,India,101-500,0-25%,NA,79.909,13.144
Xiamen Sheep Anti-Fatigue Mat Co. Ltd,Xiamen,Fujian,China,0-100,26-50%,NA,118.075,24.459
SCA Hygiene Products GmbH  ,Stembert,Verviers Liège,Belgium,101-500,26-50%,NA,5.895,50.593
Georgia-Pacific Palatka Mill,Palatka,Florida,United States,501-1000,0-25%,NA,-81.637,29.649
Eternity Infosystem Pvt. Ltd. ,New Delhi,Delhi,India,0-100,0-25%,NA,77.312,28.64
Tryshoera India Pvt. Ltd.,Noida,Uttar Pradesh,India,101-500,26-50%,NA,77.355,28.573
"Believe Zone Co., Ltd",Kim Thành,Hải Dương,Vietnam,0-100,51-75%,NA,106.51,20.963
"Golden A&A Textile (Shanghai) Co, Ltd",Shanghai,Shanghai,China,0-100,76-100%,NA,121.279,30.929
Global Garments Ltd,Chittagong,Chittagong,Bangladesh,1001+,51-75%,Better Work,91.882,22.395
"Nanan Shi South Asia Computerized Knitwear Co., Ltd.",Quanzhou,Fujian,China,1001+,51-75%,NA,118.323,24.941
Dongguan Zhanxin Knitwear Co Ltd,Dongguan,Guangdong,China,101-500,76-100%,NA,113.747,23.044
"Knowles Electronics (Suzhou) Co., Ltd - Jiangsu",Suzhou,Jiangsu,China,101-500,0-25%,NA,120.734,31.403
Textile World ,Panipat,Haryana,India,101-500,0-25%,NA,76.977,29.391
Art Palace Export Pvt. Ltd.,Bhadohi,Uttar Pradesh,India,0-100,0-25%,NA,82.488,25.423
"Poong In Vina Co., Ltd",Tân Uyên,Bình Dương,Vietnam,0-100,76-100%,Better Work,106.603,10.821
"Marian (Shenzhen) Co., Ltd.",Shenzhen,Guangdong,China,501-1000,26-50%,NA,114.055,22.545
Karigar Niryat Pvt Ltd,Noida,Uttar Pradesh,India,101-500,0-25%,NA,77.355,28.573
M/S Sagar Asia Private Limited – Ladder Division ,Medak dist,Telangana,India,0-100,0-25%,NA,78.481,17.713
MDI SDN. BHD.,Johor Bahru,Johor,Malaysia,1001+,51-75%,NA,103.745,1.518
"Smartrac Technology (Guangzhou) Co., Ltd.",Guangzhou,Guangdong,China,0-100,51-75%,NA,113.259,23.13
Quanzhou Haihong Garment Ltd ,Quanzhou,Fujian,China,101-500,51-75%,NA,118.585,24.904
Zhangjiagang Chuangye Apparel Co.,Zhangjiagang,Jiangsu,China,101-500,51-75%,NA,120.551,31.878
"Arcadia Design Lighting Co., Ltd",Dongguan,Guangdong,China,0-100,76-100%,NA,113.747,23.044
"Idemia (Shenzhen) Co., Ltd.",Shenzhen,Guangdong,China,501-1000,26-50%,NA,114.055,22.545
"Ningbo Dongrun Mining Co., Ltd",Yuyao,Zhejiang,China,101-500,51-75%,NA,121.15,30.039
"Vina Kyungseung Trading Co., Ltd ",Phú Thọ,Phú Thọ,Vietnam,1001+,76-100%,"Better Work, HERheatlh",105.243,21.383
"Vietnam Housewares Co., Ltd.",Thuận An,Bình Dương,Vietnam,101-500,26-50%,NA,106.699,10.904
Loctek Ergonomic Technology Corp,Ningbo,Zhejiang,China,501-1000,26-50%,NA,121.62,29.862
PT. Nesia Pan Pacific Knit,Kabupaten Semarang,Central Java,Indonesia,1001+,76-100%,Better Work,110.424,-6.974
Brandix Apparel Solution Ltd - Polonnaruwa,Polonnaruwa,North Central Province,Sri Lanka,1001+,76-100%,NA,81.017,7.949
TXC Corporation,Tao Yuan City,Taoyuan,Taiwan,101-500,76-100%,NA,121.301,24.996
"Poong In Vina 4 Co., Ltd",Thuận An,Bình Dương,Vietnam,501-1000,76-100%,Better Work,106.699,10.904
"Anqi Household Articles Co., Limited",Dongguan,Guangdong,China,101-500,26-50%,NA,113.747,23.044
Brandix Apparel Solutions Ltd - Essentials,Koggala,Southern Province,Sri Lanka,1001+,76-100%,NA,80.332,5.986
Hop Lun Apparel Ltd. ,Gazipur,Dhaka,Bangladesh,1001+,76-100%,NA,90.423,23.998
Zhejiang Botai Furniture Co. Ltd.,Huzhou,Zhejiang,China,501-1000,51-75%,NA,119.675,30.638
Zen Linen International Pvt Ltd - Sri City,Sri City,Andhra Pradesh,India,101-500,76-100%,HERhealth,79.991,13.536
Cosmosupplylab Ltd,Dongguan,Guangdong,China,1001+,51-75%,NA,113.635,23.262
First Quality Tissue - Lock Haven,Lock Haven,Pennsylvania,United States,501-1000,0-25%,NA,-77.447,41.137
"Jin Jiang Xinya Sports Goods Co., Ltd",Quanzhou,Fujian,China,0-100,26-50%,NA,118.548,24.784
"CSI Medical, Inc",Gallatin,Tennessee,United States,0-100,51-75%,NA,-86.448,36.388
"Zhongshan Camry Electronic Co., Ltd",Zhongshan,Guangdong,China,501-1000,51-75%,NA,113.366,22.521
Gardner Pet Group Inc.,West Bend,Wisconsin,United States,0-100,26-50%,NA,-88.183,43.425
Everblue Apparel Ltd (A Group Of Raymond Uco),Bangalore,Karnataka,India,1001+,76-100%,NA,77.591,12.979
Vision Foam Ind Sdn. Bhd. ,Sungai Buloh,Selangor,Malaysia,0-100,0-25%,NA,101.597,3.205
"Torex Vietnam Semiconductor Co., Ltd",Thủ Dầu Một,Bình Dương,Vietnam,101-500,51-75%,NA,106.654,10.981
BYD Precision manufacture company limited,Shenzhen,Guangdong,China,1001+,0-25%,NA,114.055,22.545
Panasonic Electric Works Connector Division (Ise),Watarai,Mie,Japan,501-1000,26-50%,NA,136.55,34.381
Zhejiang Xile Industry & Trading Co. Ltd,Huangyan,Zhejiang,China,0-100,51-75%,NA,121.258,28.653
Santuk Tekstil San. Ve Tic. A.S.,Istanbul,Istanbul Province,Turkey,501-1000,0-25%,NA,28.804,41.141
Ameriwood ,Dowagiac,Michigan,United States,101-500,0-25%,NA,-86.109,41.984
The Smead Manufacturing Company ,Reynosa,Tamaulipas,Mexico,101-500,51-75%,NA,-98.342,26.146
"Zhejiang Tianpai Knitting Co., Ltd",Yiwu,Zhejiang,China,501-1000,51-75%,NA,120.07,29.306
CT Micro,Xiamen,Fujian,China,101-500,26-50%,NA,118.075,24.459
Refresco - Columbus,Columbus,Georgia,United States,0-100,0-25%,NA,-84.988,32.461
International Vitamin Corporation (IVP),Greenville,South Carolina,United States,101-500,26-50%,NA,-82.398,34.851
Panasonic Energy Corporation Of America,Columbus,Georgia,United States,101-500,26-50%,NA,-84.988,32.461
"Elegant Fashion (Yudu) Co., Ltd.",Ganzhou,Jiangxi ,China,0-100,51-75%,NA,114.916,25.822
"Fortune Grand Technology,  Inc. (ForGrand DongGuan)",Dongguan,Guangdong,China,501-1000,26-50%,NA,113.747,23.044
"He Fong Enterprise Co., Ltd ",Phnom Penh,Phnom Penh,Cambodia,101-500,51-75%,Better Work,104.878,11.576
Decofloor India,Panipat,Haryana,India,0-100,0-25%,NA,76.977,29.391
Truly Opto-Electronics Limited (Shanwei City),Shanwei ,Guangdong ,China,1001+,26-50%,HERhealth,115.372,22.789
"Sams & Rudia, S.A.",Guatemala City,NA,Guatemala,101-500,26-50%,NA,-90.575,14.647
"Flexium Interconnect (Kunshan), Inc.",Kunshan,Jiangsu,China,1001+,26-50%,NA,120.976,31.387
"Hefei Hengxin Environmental Science And Technology Co., Ltd.",Hefei,Anhui,China,101-500,51-75%,NA,117.278,31.968
Intradesa Main Building,Soyapango,San Salvador,El Salvador,1001+,76-100%,NA,-89.14,13.71
"Shenzhen Huntkey Eletronic Co., Ltd.",Shenzhen,Guangdong,China,501-1000,26-50%,NA,114.055,22.545
"Perfect Group Corp., Ltd",Yangzhou,Jiangsu,China,501-1000,26-50%,NA,119.437,32.393
Goldtex Garments Limited,Dhaka,Dhaka,Bangladesh,1001+,26-50%,HERhealth,90.272,23.94
Dongguan Fu Link Garment Limited,Dongguan,Guangdong,China,0-100,51-75%,NA,113.747,23.044
Stefanel Top Fashions Ltd,Campulung,Arges,Romania,0-100,76-100%,NA,25.011,45.241
Liteon Electronics (GuangZhou) Limited,Guangzhou,Guangdong,China,501-1000,26-50%,NA,113.259,23.13
"Beifa Group Co., Ltd",Ningbo,Zhejiang,China,1001+,51-75%,NA,121.62,29.862
"Zhejiang Jaslight Luggage And Bags Manufacturing Co., Ltd",Jiaxing,Zhejiang,China,1001+,26-50%,NA,121.012,30.678
A. R. Industries,Kala Amb,Himachal Pradesh,India,101-500,0-25%,NA,77.236,30.518
Infineon Technologies,Wuxi,Jiangsu,China,1001+,51-75%,NA,120.295,31.578
"Ningbo Yongxin Optics Co., Ltd.",Ningbo,Zhejiang,China,101-500,26-50%,NA,121.62,29.862
Vogue Export,Jaipur,Rajasthan,India,0-100,0-25%,NA,75.82,26.916
Dongguan Cha Shan Wing Luen Knitting Factory,Dongguan,Guangdong,China,101-500,51-75%,HERhealth,113.747,23.044
Philips Lighting Poland Sp. Z O.O.,Pila,NA,Poland,101-500,51-75%,NA,16.777,53.164
Kai Buo Shoes Inc ,Dongguan,Guangdong,China,101-500,51-75%,NA,113.747,23.044
Tripod Technology Corporation (Wu-Xi City),Wuxi,Jiangsu,China,1001+,26-50%,NA,120.295,31.578
"Lec, Inc. Susono Factory",Susono-Shi,Shizuoka,Japan,0-100,26-50%,NA,138.876,35.227
"Zhangzhou Xym Furniture Products Co., Ltd",Zhangzhou,Fujian,China,1001+,26-50%,NA,117.409,24.406
"Hinen Electronics (Shenzhen) Co., Ltd",Shenzhen,Guangdong,China,1001+,51-75%,NA,114.055,22.545
Delta Inductor,Dongguan,Guangdong,China,1001+,26-50%,NA,113.747,23.044
"Midea Kitchen Appliances Manufacturing Co., Ltd.",Foshan,Guangdong,China,1001+,51-75%,NA,113.201,22.931
"Zhuhai Coslight Battery Co., Ltd",Zhuhai,Guangdong,China,1001+,26-50%,NA,113.931,21.975
"Fuqing Huatai Shoes Co., Ltd",Fuqing,Fujian,China,101-500,51-75%,NA,119.38,25.724
Nanocomp Oy Ltd,Lehmo,NA,Finland,0-100,0-25%,NA,29.797,62.677
"Dongguan Yongsheng Footwear Co., Ltd",Dongguan,Guangdong,China,101-500,0-25%,NA,113.747,23.044
"Zhongshan Xingyao Lighting Co., Ltd.",Zhongshan,Guangdong,China,0-100,26-50%,NA,113.366,22.521
Viet Panpacific Nam Dinh Company Limited  ,Nam Trực,Nam Định,Vietnam,501-1000,76-100%,Better Work,106.172,20.297
PT. Sam Kyung Jaya Garments,Kabupaten Semarang,Central Java,Indonesia,1001+,76-100%,Better Work,110.424,-6.974
Stellar Precision Manufacturing Ltd.,Yangjiang,Guangdong,China,101-500,51-75%,NA,111.751,22.049
"Dongguan Fuqiang Electronics Co., Ltd.",Dongguan,Guangdong,China,101-500,26-50%,NA,113.747,23.044
"Xiangzhao Metal Wares Co., Ltd",Foshan,Guangdong,China,101-500,51-75%,NA,113.115,23.025
"Zhejiang Henglin Chair Industry Co, Ltd.",Huzhou,Zhejiang,China,1001+,26-50%,NA,119.677,30.654
Wai Kin Home Fashion (Huizhou) Company Limited,Huizhou,Guandong,China,501-1000,51-75%,NA,114.256,23.094
"RWM Technologies, LLC ",Chattanooga,Tennessee,United States,0-100,51-75%,NA,-85.31,35.046
Perfection Beauty Brands Limited - Packaging,Sandbach,England,United Kingdom,0-100,76-100%,NA,-2.395,53.145
S.Duraisamy And Sons,Tirupur,Tamil Nadu,India,0-100,0-25%,NA,77.347,11.167
"Ningbo Deli School Supply And Stationery Co., Ltd",Ningbo,Zhejiang,China,1001+,51-75%,NA,121.62,29.862
"Kunshan Kersen Science & Technology Co., Ltd.",Kunshan,Jiangsu,China,1001+,76-100%,NA,120.976,31.387
Iovate Health Sciences International Inc.,Lawrenceville,Georgia,United States,0-100,26-50%,NA,-83.988,33.956
"Shanghai Xinfeng Garment Co., Ltd ",Shanghai,Shanghai,China,101-500,76-100%,NA,121.489,31.225
Marius&Mady Confex Srl,Campulung,Arges,Romania,0-100,76-100%,NA,25.011,45.241
Lens Technology (Changsha) Co. Ltd,Changsha,Hunan,China,1001+,51-75%,NA,112.971,28.198
"Victory Giant Technology (Huizhou) Co., LTD.",Huizhou,Guangdong,China,1001+,26-50%,NA,114.414,23.106
K.L. Mahajan & Sons,Meerut,Uttar Pradesh,India,101-500,51-75%,NA,77.651,28.925
Sheena Industries,Panipat,Haryana,India,0-100,0-25%,NA,76.977,29.391
Hafizia Art & Crafts Pvt. Ltd,Sitapur,Uttar Pradesh,India,101-500,26-50%,NA,80.682,27.627
"Ningbo Klite Electric Manufacture Co., Ltd.",Ningbo,Zhejiang,China,1001+,51-75%,NA,121.62,29.862
Gama Textile Madagascar Sarl,West Anosizato,Antananarivo,Madagascar,1001+,51-75%,NA,47.5,-18.938
Vikram Carpets,Mirzapur,Uttar Pradesh,India,0-100,0-25%,NA,82.626,25.101
Panasonic Japan  ,Tsuyama-shi ,Okayama,Japan,501-1000,76-100%,NA,134.042,35.055
Zhongshan Bao Feng Knitting Company Limited,Zhongshan,Guangdong,China,101-500,51-75%,NA,113.366,22.521
"Changtai Campvalley Leisure Products Co., Ltd ",Zhangzhou,Fujian,China,501-1000,51-75%,NA,117.409,24.406
"Huzhou Tianyuan Pet Products Co., Ltd",Huzhou,Zhejiang,China,101-500,26-50%,NA,120.085,30.894
"Jiangsu Sunsportive Clothing Co., Ltd",Huai’an,Jiangsu,China,101-500,76-100%,NA,119.021,33.59
Dragonwind M.F.G Ltd.,Sangkat Steong Mean Chey,Phnom Penh,Cambodia,501-1000,76-100%,NA,104.893,11.537
Santa Cruz Nutritionals,Santa Cruz,California,United States,101-500,26-50%,NA,-122.029,36.975
"Shenzhen O-Film Tech. Co., Ltd. (Nanchang)",Nanchang,Jiangxi,China,1001+,51-75%,NA,115.889,28.679
Bhalaria Metal Craft Pvt Ltd ,Umbergaon,Gujarat,India,501-1000,0-25%,NA,72.869,20.132
"Honor Faith Leather, Leather Top Co., ltd",Yangju-si  ,Gyeonggi-do,South Korea,0-100,0-25%,NA,126.996,37.807
Unichela (Pvt) Ltd,Kalutara,Western Province,Sri Lanka,1001+,76-100%,NA,79.907,6.712
"JiangsSu Zhong Heng Pet Articles Joint-Stock Co., Ltd",Yancheng,Jiangsu,China,501-1000,51-75%,NA,120.135,33.394
"Color Star (Fuzhou) Products Co., Ltd. ",Fuzhou,Fujian,China,1001+,51-75%,NA,119.292,26.077
"Taizhou Bolvda Crafts Co., Ltd",Taizhou,Zhejiang,China,0-100,51-75%,NA,121.142,28.86
Double A,Amphur Sri Maha Phote,Prachinburi,Thailand,1001+,26-50%,NA,101.584,13.925
Fama Sofas Slu,Yecla,Murcia,Spain,101-500,26-50%,NA,-1.116,38.614
"ForBetter New Material Solutions  Co., Ltd.",Dongguan,Guangdong,China,1001+,26-50%,NA,113.747,23.044
Designa Inc.,Foshan,Guangdong,China,501-1000,26-50%,NA,113.115,23.025
My Home Collections Pvt. Ltd.,Noida,Uttar Pradesh,India,0-100,0-25%,NA,77.355,28.573
Multi-Fineline Electronix Inc.,Suzhou,Jiangsu,China,501-1000,51-75%,NA,120.734,31.403
"Dongguan Rubtop Metals Rubber Co., Ltd (Guangdong Factory)",Dongguan,Guangdong,China,101-500,51-75%,NA,113.747,23.044
Iswarya Knit Fabs,Tirupur,Tamil Nadu,India,101-500,0-25%,NA,77.347,11.167
Mibelle AG,Buchs,Aargau,Switzerland,101-500,51-75%,NA,8.069,47.391
Primacy Industries Limited - Unit 2,Mangaluru,Karnataka,India,101-500,51-75%,NA,74.843,12.87
"Irisohyama, Inc.",Kakuda,"Miyagi, Osakakami Osaka",Japan,101-500,0-25%,NA,140.773,37.984
"Acoustic Innovation (Huizhou) Co., Ltd",Huizhou,Guangdong,China,1001+,76-100%,NA,114.414,23.106
Alok Industries Limited ,Silvassa,Dadra and Nagar Haveli,India,501-1000,26-50%,NA,73.005,20.274
Unichela (Pvt) Ltd – Vidiyal Division ,Kilinochchi,Northern Province,Sri Lanka,1001+,76-100%,NA,80.409,9.384
Lotus Household Products,Mumbai,Maharashtra,India,0-100,26-50%,NA,72.835,18.939
Nantong Golden Yuelai Gym Equipment Co. Ltd,Nantong,Jiangsu,China,0-100,51-75%,NA,121.177,31.873
Aquarelle Madagascar SA.,Tanjombato,Antananarivo,Madagascar,501-1000,51-75%,NA,47.528,-18.958
"Shenzhen K&D Technology Co.,Ltd.",Shenzhen,Guangdong,China,1001+,51-75%,NA,114.055,22.545
The Smead Manufacturing Company ,Logan,Ohio,United States,101-500,51-75%,NA,-83.741,40.443
Antop,Shenzhen,Guangdong,China,1001+,26-50%,NA,114.055,22.545
Mosay International Private Limited,Kolkata,West Bengal,India,0-100,0-25%,NA,88.348,22.568
Fippi Spa,Rho,Lombardia,Italy,101-500,0-25%,NA,9.04,45.529
Choi Shin Nicaragua S.A ,Jinotepe,Carazo,Nicaragua,501-1000,51-75%,NA,-86.269,11.671
Captek Softgel International,Cerritos,California,United States,101-500,26-50%,NA,-118.054,33.864
Betco Corporation,Bowling Green,Ohio,United States,0-100,26-50%,NA,-83.651,41.375
"Mutualtek Industries Co., Ltd. - Changshu",Changshu,Jiangsu,China,501-1000,26-50%,NA,120.748,31.657
Kyocera Shiga Yohkaichi Plant,Higashiohmi-shi ,Shiga,Japan,0-100,0-25%,NA,136.276,35.112
Master Hill Electric Wire & Cable Ltd,Shenzhen,Guangdong,China,1001+,51-75%,NA,114.055,22.545
"Sichuan Changhong New Energy Technology Co., Ltd",Mianyang,Sichuan,China,101-500,26-50%,NA,104.75,31.459
"Quadrille Vietnam Co., Ltd",Biên Hoà,Đồng Nai,Vietnam,501-1000,76-100%,Better Work,106.892,10.914
Valueone,Bucheon-Si,Gyeonggi-do,South Korea,0-100,76-100%,NA,126.778,37.515
Yangxin Nourison Textile Co Ltd,Binzhou,Shandong,China,101-500,51-75%,NA,118.017,37.367
"Suzhou Everything Industrial Co., Ltd",Suzhou,Jiangsu,China,0-100,26-50%,NA,120.734,31.403
Stovekraft Pvt Ltd,Bengaluru,Karnataka,India,101-500,51-75%,HERhealth,77.591,12.979
Innolux Corp. (Taiwan),Tainan City,Tainan,Taiwan,1001+,0-25%,NA,120.282,23.101
Indo Count Industries Limited,Kolhapur,Maharashtra,India,1001+,0-25%,NA,74.421,16.748
"Rising Power Footwear Co., Ltd",Dongguan,Guangdong,China,101-500,26-50%,NA,113.747,23.044
Indigo White Tekstil Konfeksiyon P. S. Ve Dis Tic. A.S.,Istanbul,Istanbul Province,Turkey,101-500,26-50%,NA,28.625,41.07
"Tymphany Acoustic Technology (Huizhou) Co,.Ltd",Huizhou  ,Guangdong,China,1001+,26-50%,NA,114.414,23.106
"Ningbo Goodfriends Electric Appliance Co., Ltd",Ningbo,Zhejiang,China,501-1000,51-75%,NA,121.62,29.862
Brandix Apparel Solutions Limited - Essentials,Nivithigala,Sabaragamuwa Province,Sri Lanka,1001+,76-100%,NA,80.45,6.62
U Play,Wuhu,Anhui,China,101-500,26-50%,NA,118.428,31.354
"Global Furniture (Zhejiang) Co., Ltd.",Huzhou,Zhejiang,China,1001+,26-50%,NA,119.688,30.632
"Zhejaing Seniorwear Co., Ltd",Zhejiang,Zhejiang,China,101-500,76-100%,NA,121.416,28.658
"Yangzhou Changqingshu Sports Goods Co., Ltd.",Yangzhou,Jiangsu,China,0-100,76-100%,NA,119.437,32.393
Georgia-Pacific Darlington Plant,Darlington,South Carolina,United States,101-500,26-50%,NA,-79.876,34.3
"Innocor East, LLC",Baldwyn,Mississippi,United States,101-500,26-50%,NA,-88.635,34.51
Unichela (Pvt) Ltd - Habaraduwa ,Habaraduwa,Southern Province,Sri Lanka,1001+,76-100%,NA,80.308,5.994
GNP Apparels Private Limited,Jaipur,Rajasthan,India,101-500,0-25%,NA,75.82,26.916
Brandix Apparel Solutions Ltd - Lingerie,Nittabuwa,Western Province,Sri Lanka,1001+,76-100%,NA,80.094,7.143
Nirlep Appliances Pvt. Ltd.,Aurangabad,Maharashtra,India,101-500,0-25%,NA,75.328,19.874
"Sandisk Semiconductor (Shanghai) Co., Ltd.",Shanghai,Shanghai,China,1001+,51-75%,NA,121.489,31.225
Trela Tex ,Agra,Uttar Pradesh,India,0-100,51-75%,NA,78.01,27.175
"Zhejiang Crystal-Optech Co., Ltd.",Taizhou,Zhejiang,China,1001+,26-50%,NA,121.416,28.658
TTK Prestige Limited Hosur,Hosur,Tamil Nadu,India,101-500,0-25%,NA,77.831,12.733
"Zhongshan City Ling Jie Electrical Appliance Co., Ltd.",Zhongshan,Guangdong,China,0-100,26-50%,NA,113.366,22.521
Yantai Pacific Home Fashion Fushan Mill,Yantai,Shandong,China,101-500,76-100%,NA,121.238,37.519
Unichela (Pvt) Ltd - Casualline Division,Mawathagama,North Western Province,Sri Lanka,1001+,76-100%,NA,80.446,7.433
"HM Richards, Inc.",Guntown,Mississippi,United States,501-1000,26-50%,NA,-88.66,34.443
Rothley Lodge,Loughborough,England,United Kingdom,101-500,0-25%,NA,-1.208,52.772
"Quanzhou Daxing Knitted Garment Co., Ltd",Quanzhou,Fujian,China,101-500,51-75%,NA,118.585,24.904
Hynix Semiconductor Inc. - Gyeonggi-do,Icheon-si ,Gyeonggi-do,South Korea,1001+,,NA,127.484,37.25
"Edgewell Personal Care Knoxville, USA",Knoxville,Tennessee,United States,101-500,0-25%,NA,-83.921,35.96
Warmex Appliances,Sonipat,Haryana,India,0-100,0-25%,NA,76.932,29.053
"Wenzhou Wantai Shoes Incorporated Co., Ltd",Wenzhou,Zhejiang,China,101-500,51-75%,NA,120.692,27.996
Foot On Shoes,Agra,Uttar Pradesh,India,101-500,0-25%,NA,78.01,27.175
MPS International Ltd. (Sichuan),Chengdu,Sichuan,China,101-500,0-25%,NA,104.063,30.662
"Great Global International Co., Ltd.",Gia Vân,Ninh Bình,Vietnam,1001+,76-100%,"Better Work, HERhealth",105.881,20.355
"Jiangsu Runli Garment Co., Ltd",Xuzhou,Jiangsu,China,101-500,76-100%,NA,117.181,34.267
"Ningbo Sinostar Electric Appliance Co., Ltd",Yuyao,Zhejiang,China,0-100,51-75%,NA,121.15,30.039
Floraware India Pvt. Ltd.,Rajkot,Gujarat,India,0-100,0-25%,NA,70.802,22.305
Trisis Ventures,Baddi,Himachal Pradesh,India,101-500,51-75%,NA,76.766,30.981
"Shuyang Guoyun Garment Co., Ltd",Suqian,Jiangsu,China,501-1000,51-75%,NA,118.295,33.956
TTP Apparel Inc,South El Monte,California,United States,0-100,51-75%,NA,-118.047,34.052
M/S Sporting Syndicate Pvt. Ltd.,Jalandhar,Punjab,India,101-500,26-50%,NA,75.577,31.332
Schick (Guangzhou) Company Limited,Guangzhou,Guangdong,China,501-1000,76-100%,NA,113.259,23.13
"Largan Precision Co., Ltd.",Taichung City,Taichung,Taiwan,1001+,51-75%,NA,120.605,24.147
Personna International CZ S.R.O,Krupka,Ústí nad Labem,Czech Republic,501-1000,51-75%,NA,13.878,50.661
"Zhejiang Mingjiang Shoes Co., Ltd",Wenzhou,Zhejiang,China,501-1000,51-75%,NA,120.692,27.996
First Quality Baby Products ,Macon,Georgia,United States,0-100,51-75%,NA,-83.632,32.841
Halos Creations Pvt Ltd,Ghaziabad,Uttar Pradesh,India,0-100,0-25%,NA,77.445,28.711
Kuber Industries,Jaipur,Rajasthan,India,0-100,0-25%,NA,75.82,26.916
Huizhou D&S Cable Co Ltd,Huizhou,Guangdong,China,501-1000,26-50%,NA,114.414,23.106
"Jiangsu Grelide Pure Water Technology Co., Ltd. ",Huai’an,Jiangsu,China,101-500,51-75%,NA,119.021,33.59
Clifton Textile & Apparels Limited,Chittagong,Chittagong,Bangladesh,1001+,51-75%,"Better Work, HERfinance ",91.812,22.39
Hangzhou Kaite Electrical Appliance Co. Ltd.,Hangzhou,Zhejiang,China,101-500,26-50%,NA,119.275,29.476
"Qingdao Mitsumi Electronics Co., Ltd  (CQE)",Qingdao,Shandong,China,1001+,51-75%,NA,120.379,36.063
"Zhejiang Syndia Knitting Co., Ltd",Yiwu,Zhejiang,China,0-100,51-75%,NA,120.07,29.306
"Dongguan Maxron Internet of Things Technology Co., Ltd",Dongguan,Guangdong,China,0-100,26-50%,NA,113.747,23.044
Ameriwood Home,Tiffin,Ohio,United States,101-500,26-50%,NA,-83.178,41.114
"Zhejiang Winight Knitting Co., Ltd",Jiaxing,Zhejiang,China,101-500,76-100%,NA,120.783,30.651
Shui Yat A (Cambodia) Co Ltd,Chbar Mon,Kampong Speu,Cambodia,501-1000,76-100%,NA,104.486,11.488
"Foshan Field Smart Lighting Co., Ltd",Foshan,Guangdong,China,501-1000,26-50%,NA,113.115,23.025
Mars Petcare,Clinton,Oklahoma,United States,0-100,26-50%,NA,-98.967,35.516
Jaipur Crafts Pvt. Ltd. ,Jaipur,Rajasthan,India,501-1000,0-25%,NA,75.82,26.916
"Showa Shiko Co., Ltd",Kanonji,Kagawa,Japan,0-100,51-75%,NA,133.663,34.128
"Seoul Semiconductor Co., Ltd.",Danwon-gu,Gyeonggi-do,South Korea,101-500,26-50%,NA,126.789,37.318
"Xiamen Evere Sports Goods Co., Ltd",Xiamen,Fujian,China,501-1000,0-25%,NA,118.075,24.459
Jiangxi Lian Chuang Hong Sheng Electronics Company Ltd.,Nanchang,Jiangxi,China,101-500,51-75%,NA,115.889,28.679
"Quanzhou Hengkai Bags Co., Ltd.",Quanzhou,Fujian,China,1001+,26-50%,NA,118.585,24.904
Maxim Integrated Products (Cavite),General Trias,Cavite,Philippines,1001+,0-25%,NA,120.794,14.184
"Shenzhen Microgate Technology Co., Ltd",Shenzhen,Guangdong,China,0-100,26-50%,NA,114.055,22.545
"Nihon Dempa Kogyo Co., Ltd.  ",Hakodate,Hokkaido,Japan,1001+,26-50%,NA,140.788,41.833
Packaging Corporation of America (Atlanta),Lithonia,Georgia,United States,101-500,0-25%,NA,-84.105,33.712
Innolux Corp,Jhu-nan,Miaoli County,Taiwan,1001+,26-50%,NA,120.825,24.562
"Panasonic Industrial Devices (Qingdao) Co., Ltd.",Qingdao,Shandong,China,1001+,51-75%,NA,120.332,36.084
"Zhejiang Vold Auto Accessories Co., Ltd",Taizhou,Zhejiang,China,0-100,51-75%,NA,121.416,28.658
Bogart Lingerie (Shenzhen) Ltd.,Shenzhen,Guangdong,China,1001+,51-75%,NA,114.055,22.545
Vogue Tex (Pvt) Ltd - Weligama,Weligama,Southern Province,Sri Lanka,1001+,51-75%,NA,80.463,6.012
Yantai Hao´s Pet Food Tech Co. Ltd.,Yantai,Shandong,China,101-500,51-75%,NA,120.781,37.205
Mirza International Ltd ,Greater Noida,Uttar Pradesh,India,501-1000,0-25%,NA,77.514,28.467
Ayan Exports,Agra,Uttar Pradesh,India,0-100,0-25%,NA,78.01,27.175
Varahamurti Flexirub Industries Pvt. Ltd.,Haridwar,Uttarakhand,India,0-100,0-25%,NA,78.06,29.957
Sigma Enterprises,Vasai,Maharashtra,India,0-100,26-50%,NA,72.872,19.43
"Kunshan Yuanchen Electronic Material Co,Ltd",Kunshan,Jiangsu,China,101-500,26-50%,NA,120.976,31.387
Shivanand Industries,Nashik,Maharashtra,India,0-100,26-50%,NA,73.711,19.996
M/S Everest Tannery Pvt.Ltd. ,Unnao,Uttar Pradesh,India,101-500,0-25%,NA,80.5,26.5
"Marian (Suzhou) Co., Ltd.",Suzhou,Jiangsu,China,101-500,76-100%,NA,120.734,31.403
Vanson Electronics (China) Factory,Dongguan,Guangdong,China,101-500,51-75%,NA,113.747,23.044
"Inno-Sports Co., Ltd",Xiamen,Fujian,China,101-500,51-75%,NA,118.075,24.459
"Guangdong Esquel Textiles Co., Ltd.",Foshan,Guangdong,China,1001+,76-100%,NA,113.115,23.025
Sundelight Infant Products Ltd.,Guangzhou,Guangdong,China,101-500,51-75%,NA,113.259,23.13
Hansong (Nanjing) Technology Ltd.,Nanjing,Jiangsu,China,501-1000,51-75%,NA,118.872,31.733
Osram Opto Semiconductors (Malaysia) Sdn.Bhd.,Bayan Lepas,Penang,Malaysia,1001+,51-75%,NA,100.333,5.416
"Ningbo Top Garment Co., Ltd",Ningbo,Zhejiang,China,101-500,51-75%,NA,121.62,29.862
Pearl,Noida,Uttar Pradesh,India,101-500,0-25%,NA,77.355,28.573
"Hangzhou Kuka Chairs Co., Ltd.",Hangzhou,Zhejiang,China,501-1000,26-50%,NA,120.205,30.249
Scarlet Knitwears Ltd.,Fatullah,Narayangong,Bangladesh,1001+,51-75%,NA,90.481,23.626
"MFS Technology Co., Ltd.",Changsha,Hunan,China,501-1000,51-75%,NA,112.971,28.198
"Dalian Iris Home Products Co., Ltd.",Dalian,Liaoning,China,1001+,26-50%,NA,121.628,38.918
Dongguan Kaide Electric Co Lts.,Dongguan,Guangdong,China,101-500,26-50%,NA,113.747,23.044
Edgewell Ormond Beach,Ormond Beach,Florida,United States,101-500,26-50%,NA,-81.056,29.285
"Dongguan Huabel Electronic Technology Co.,LTD",Dongguan,Guangdong,China,1001+,26-50%,NA,113.747,23.044
Tangerine Design Private Limited,Gurgaon,Harayana,India,501-1000,0-25%,NA,77.026,28.46
Milat Carpet Industry and Trade Co.,Gaziantep,Gaziantep Province,Turkey,101-500,0-25%,NA,37.344,37.188
"Vi-Jon, Inc (Mt. Juliet)",Mt. Juliet,Tennessee,United States,0-100,26-50%,NA,-86.519,36.2
"Fruit Of The Earth, Inc. - Fort Worth",Fort Worth,Texas,United States,101-500,26-50%,NA,-97.333,32.753
Guangxi Beiliu Yujie Porcelain Ltd,Beiliu,Guangxi,China,101-500,51-75%,NA,110.531,22.443
"Ningbo Jiana Dress Co., Ltd",Ningbo,Zhejiang,China,101-500,76-100%,NA,121.62,29.862
"Flextronics International, Ltd. (Zhuhai, China)",Zhuhai,Guangdong,China,101-500,51-75%,NA,113.931,21.975
Chemisphere ,St. Louis,Missouri,United States,0-100,0-25%,NA,-90.199,38.627
Saturn Textiles Ltd. (Woven Division),Tongi,Gazipur,Bangladesh,1001+,51-75%,Better Work,90.38,23.979
"Vi-Jon, Inc (St. Charles)",St. Charles,Missouri,United States,0-100,26-50%,NA,-90.52,38.795
"Nexperia (China) Co., Ltd.",Dongguan,Guangdong,China,1001+,26-50%,NA,113.747,23.044
"Coda Resources Ltd., Heze China",Heze,Shandong,China,501-1000,51-75%,NA,115.446,35.248
"Jiangyin Shi Jindun Knitting Apparel Co., Ltd",Jiangyin,Jiangsu,China,101-500,51-75%,NA,120.263,31.909
SCA Hygiene Products GmbH ,Neuss,North Rhine-Westphalia,Germany,101-500,0-25%,NA,6.692,51.198
Canvas Clothing,Ludhiana,Punjab,India,101-500,0-25%,NA,75.852,30.909
"Gesilight Electrical Industry Co., Ltd",Foshan,Guangdong,China,0-100,51-75%,NA,113.115,23.025
Vin Corporation,Dehradun,Uttarakhand,India,0-100,0-25%,NA,78.106,30.383
"Dongguan City General Success Industrial Co., Ltd",Dongguan,Guangdong,China,101-500,26-50%,NA,113.747,23.044
"Pujiang Kangjia Handicraft Co., Ltd",Jinhua,Zhejiang,China,101-500,51-75%,NA,119.887,29.456
"Yingkou Double Yong Shoes Co., Ltd ",Yingkou,Liaoning,China,0-100,26-50%,NA,122.236,40.675
"Tianjin Yiyi Hygiene Products Co, Ltd.",Tianjin,Tianjin,China,101-500,26-50%,NA,117.048,39.073
Beacon Impex (Pvt) Limited,Faisalabad,Punjab,Pakistan,1001+,0-25%,NA,73.11,31.41
"Zhuhai Founder Tech.Hi-Density Electronic Co.,Ltd.",Zhuhai,Guangdong,China,101-500,26-50%,NA,113.931,21.975
InvenSense (Taiwan),Hsin-Chu,Hsin-Chu,Taiwan,0-100,51-75%,NA,121.007,24.782
Multi-Fineline Electronix Inc.,Suzhou,Jiangsu,China,1001+,26-50%,NA,120.734,31.403
"Yiwu Warhorse Garment Co., Ltd",Yiwu,Zhejiang,China,0-100,26-50%,NA,120.125,29.455
"Alpha Networks (Dongguan) Co.,Ltd",Dongguan,Guangdong,China,501-1000,26-50%,NA,113.747,23.044
"Reynolds Presto, Lewiston ",Lewiston,Utah,United States,101-500,26-50%,NA,-111.856,41.976
"Wenzhou Zhongzhi Leather Co., Ltd",Wenzhou,Zhejiang,China,0-100,51-75%,NA,120.692,27.996
Unichela (Pvt) Ltd - Biyagama Division,Biyagama,Western Province,Sri Lanka,1001+,76-100%,NA,80.008,6.958
Jet Power International Limited,Dongguan,Guangdong,China,0-100,26-50%,NA,113.747,23.044
"Pulse(Suzhou) Wireless products Co.,Ltd",Suzhou,Jiangsu,China,101-500,51-75%,NA,120.734,31.403
Industrias Del Interior S. De R.L. De C.V (Dos Mill),Rincón de Romos,Aguascalientes,Mexico,501-1000,0-25%,NA,-102.324,22.243
"The Sun Products Corporation, A Henkel Company",Salt Lake City,Utah,United States,101-500,26-50%,NA,-111.89,40.767
"Xinyi Kaixinfeng Garment Co., Ltd",Xinyi,Jiangsu,China,0-100,76-100%,NA,118.522,34.315
"Guangdong Homezest Tech. Co., Ltd",Foshan,Guangdong,China,501-1000,51-75%,NA,113.115,23.025
Crafts,Tirupur,Tamil Nadu,India,0-100,0-25%,NA,77.347,11.167
"Ability Opto-Electronics Technology Co., Ltd.",Taichung City,Taichung,Taiwan,101-500,51-75%,NA,120.682,24.152
Luxshare-ICT (Vietnam) Limited ,Bích Động,Bắc Giang,Vietnam,1001+,76-100%,NA,106.089,21.27
"Colltex Garment Mfy Co., Ltd (Vietnam)",An Tịnh,Tây Ninh,Vietnam,1001+,76-100%,Better Work,106.373,11.027
"Shenzhen Longgang YUTO Packaging Technology Co.,LTD",Shenzhen,Guangdong,China,1001+,26-50%,NA,114.055,22.545
PT. Galangcitramitra Majumapan (Gatra Mapan),Malang,East Java,Indonesia,501-1000,0-25%,NA,112.722,-7.954
PT. Daehan Global,Sukabumi,West Java,Indonesia,1001+,76-100%,Better Work,106.929,-6.925
Hung Vu Garment Joint Stock Company,Ân Thi,Hưng Yên,Vietnam,101-500,51-75%,NA,106.096,20.813
"Eyang Technology Development Co., Ltd.",Dongguan,Guangdong,China,101-500,26-50%,NA,113.747,23.044
"Xingtai Sanxia Cast Iron Co., Ltd",Xingtai,Hebei,China,1001+,26-50%,NA,114.57,37.038
Union Apparel Pvt Ltd ,Avissawella,Western Province,Sri Lanka,101-500,51-75%,NA,80.213,6.952
"E Ink Corporation (Massachusetts, USA)",South Hadley,Massachusetts,United States,1001+,26-50%,NA,-72.575,42.258
Silver Spark Apparel Ltd ,Chikkaballapur,Karnataka,India,1001+,76-100%,NA,77.731,13.435
Ningbo Fancier Photographic Equipment Co Ltd,Ningbo,Zhejiang,China,101-500,51-75%,NA,121.62,29.862
"GuangZhou Meadville Electronics Co., Ltd.",Guangzhou,Guangdong,China,1001+,26-50%,NA,113.259,23.13
"Zhejiang Tuozhen Medical Technology Co., Ltd",Yiwu,Zhejiang,China,0-100,51-75%,NA,120.07,29.306
"Nihon Dempa Kogyo Co., Ltd. (Miyagi)",Osaki,Miyagi,Japan,101-500,26-50%,NA,140.955,38.577
International Stationery Company Limited (Vietnam),Hải Phòng,Hải Phòng,Vietnam,101-500,26-50%,NA,106.495,20.697
Ventura Ltd.,Chittagong,Chittagong,Bangladesh,1001+,51-75%,NA,91.792,22.276
Tops Products Osage,Osage,Iowa,United States,0-100,26-50%,NA,-92.811,43.284
"Newflex Technology Co., Ltd.",Danwon-gu,Gyeonggi-do,South Korea,101-500,26-50%,NA,126.897,37.308
Sumitomo Electric interconnect Products Ltd,Shenzhen,Guangdong,China,1001+,51-75%,NA,114.055,22.545
"Fugang Electric (Kunshan) Co., Ltd.",Kunshan,Jiangsu,China,101-500,26-50%,NA,120.976,31.387
Kay Tex Exporters ,Noida,Uttar Pradesh,India,0-100,0-25%,NA,77.355,28.573
"Haian Lianfa Garments Co., Ltd",Nantong,Jiangsu,China,501-1000,76-100%,NA,120.89,31.983
D.R. Exports (Pvt) Ltd. ,Kurunegala,North Western Province,Sri Lanka,101-500,0-25%,NA,80.024,7.328
Knit King Apparels,Tirupur,Tamil Nadu,India,101-500,0-25%,NA,77.347,11.167
Hyosung Corporation,Asan City,Kyungki-do,South Korea,101-500,51-75%,NA,126.8,37.309
The Smead Manufacturing Company ,Cedar City,Utah,United States,101-500,51-75%,NA,-113.062,37.677
Foshan Innolux Optoelectronics Ltd.,Foshan  ,Guangdong,China,501-1000,76-100%,NA,113.115,23.025
Southern Motion  ,Pontotoc,Mississippi,United States,101-500,26-50%,NA,-89.038,34.211
Brett Martin,Belfast,Northern Ireland,United Kingdom,101-500,0-25%,NA,-5.93,54.596
"Zhongshan Guochong Lighting Co., Ltd.",Zhongshan,Guangdong,China,0-100,51-75%,NA,113.366,22.521
Loomtex Exports,Karur,Tamil Nadu,India,101-500,51-75%,NA,78.078,10.96
PT. Argo Manunggal Triasta,Salatiga,Central Java,Indonesia,501-1000,76-100%,NA,110.51,-7.339
"Zhejiang Gangzida Industry & Trading Co., Ltd.",Jinhua,Zhejiang,China,101-500,26-50%,NA,121.416,28.658
Food Science,Williston,Vermont,United States,0-100,51-75%,NA,-73.069,44.437
Alps Industries,Ghaziabad,Uttar Pradesh,India,101-500,0-25%,NA,77.445,28.711
IVC Brunel Healthcare,Swadlincote,England,United Kingdom,101-500,26-50%,NA,-1.57,52.774
"Scud (Fujian) Electronics Co., Ltd",Fuzhou,Fujian,China,1001+,26-50%,NA,119.292,26.077
Genlabs,Chino,California,United States,0-100,0-25%,NA,-117.69,34.013
"Zhejiang Zhengda Shumeijia Industry & Trading Co., Ltd",Yiwu,Zhejiang,China,0-100,26-50%,NA,120.07,29.306
Sri Mahaveer Garment Ind,Kagal,Maharashtra,India,101-500,76-100%,NA,74.228,16.448
Tianjin Qby Furnituer Co.Ltd,Tianjin,Tianjin,China,101-500,26-50%,NA,117.018,39.481
"Bazhou U-Like Furniture Co., Ltd.",Bazhou,Hebei,China,101-500,51-75%,NA,116.604,39.078
Man Sports Industries,Shenzhen,Guangdong,China,101-500,51-75%,NA,114.055,22.545
Jawandsons  ,Ludhiana,Punjab,India,501-1000,0-25%,NA,75.852,30.909
Premsons Plastics P Ltd,Mumbai,Maharashtra,India,0-100,26-50%,NA,72.835,18.939
Thieu Do Co. Ltd,Thiệu Đô,Thanh Hóa,Vietnam,1001+,0-25%,NA,105.685,19.87
International Knitwear & Apparels Limited,Gazipur,Dhaka,Bangladesh,1001+,51-75%,NA,90.423,23.998
"Medicare (Kunshan) Nonwoven  Products Co., Ltd",Kunshan,Jiangsu,China,0-100,51-75%,NA,120.976,31.387
Anpers Industries Sdn. Bhd.,Sungai Petani,Kedah,Malaysia,0-100,51-75%,NA,100.495,5.636
Sunrise Facility,Sunrise,Florida,United States,0-100,26-50%,NA,-80.329,26.148
"Shandong Amotech Electronic Co., Ltd",Shandong,Shandong,China,101-500,51-75%,NA,121,37.25
3Q Vina ,Hồ Chí Minh,Hồ Chí Minh City,Vietnam,1001+,76-100%,"Better Work, HERhealth",106.619,10.714
SSIPL Retail Ltd ,Kundli,Haryana,India,1001+,26-50%,NA,77.12,28.87
Integral Memory Plc,London,England,United Kingdom,0-100,51-75%,NA,-0.253,51.553
Xin Xing Great Success Plastic Products Ltd.,Yunfu,Guangdong,China,101-500,51-75%,NA,112.04,22.917
SCAVI Hue Company,Phong Điền,Thừa Thiên-Huế,Vietnam,1001+,76-100%,NA,107.365,16.582
Cutting Edge,Bangalore,Karnataka,India,0-100,26-50%,NA,77.591,12.979
"Plaeya Knitting Industry (Shenzhen) Co., Ltd.",Shenzhen,Guangdong,China,0-100,51-75%,NA,114.055,22.545
"Shenzhen Sunlord Electronics Co., Ltd.",Shenzhen,Guangdong,China,1001+,26-50%,NA,114.055,22.545
"Jabil Circuit, Inc. (San Jose)",San Jose,California,United States,1001+,26-50%,NA,-121.891,37.336
"Suzhou Good-Ark Electronics Co., Ltd.",Suzhou,Jiangsu,China,501-1000,51-75%,NA,120.734,31.403
"Shanghai Amphenol Airwave Communication Electronics Co., Ltd.",Shanghai,Shanghai,China,1001+,76-100%,NA,121.489,31.225
"Wenzhou Jiancheng Shoes Co., Ltd.",Wenzhou,Zhejiang,China,101-500,51-75%,NA,120.692,27.996
"Transcend Optronics (Yangshou) Co., Ltd. ",Yangzhou,Jiangsu,China,501-1000,26-50%,NA,119.437,32.393
Duratex Apparels  ,Mumbai,Maharashtra,India,101-500,26-50%,NA,72.835,18.939
PT. Hesed Indonesia,Semarang,Central Java,Indonesia,501-1000,51-75%,Better Work,110.421,-7.176
Taiyo Yuden (Phillipines),Lapulapu City,Cebu,Philippines,1001+,51-75%,NA,123.981,10.328
Szynaka-Interline Sp. Z O.O.,Nowe Miasto Lub.,NA,Poland,101-500,26-50%,NA,19.604,53.425
Suncast Corporation,Batavia,Illinois,United States,501-1000,26-50%,NA,-88.313,41.85
Excel Ventures  ,Noida,Uttar Pradesh,India,0-100,0-25%,NA,77.355,28.573
Prisma Garments,Erode,Tamilnadu,India,101-500,51-75%,NA,77.728,11.331
"AcBel Electronic (Dongguan) Co., Ltd.",Dongguan,Guangdong,China,101-500,0-25%,NA,113.747,23.044
"Duksung Co., Ltd.",Suwon-Si,Gyeonggi-do,South Korea,101-500,0-25%,NA,127.046,37.25
Louisville Foil Plant,Louisville,Kentucky,United States,501-1000,0-25%,NA,-85.759,38.254
Kapoor Industries Limited,Panipat,Haryana,India,1001+,0-25%,NA,76.977,29.391
Menderes Tekstil San. Ve Tic. As.,Saraykoy ,Denizli Province,Turkey,1001+,26-50%,NA,28.919,37.95
"Macronix International Co., Ltd",Hsin-Chu,Hsin-Chu,Taiwan,101-500,0-25%,NA,114.068,22.546
"Hengdian Group Tospo Lighting Co., Ltd.",Dongyang,Zhejiang,China,101-500,26-50%,NA,120.237,29.291
Savi Exports,Jaipur,Rajasthan,India,0-100,26-50%,NA,75.82,26.916
Hilding Anders Polska Sp. Z O.O.,Murowana Goslina,NA,Poland,501-1000,26-50%,NA,17.023,52.578
"Yageo Electronics (China) Co., Ltd.",Suzhou,Jiangsu,China,1001+,51-75%,HERhealth,120.734,31.403
"Murata Electronics, Inc. (Fukui)",Echizen-shi,Fukui,Japan,1001+,26-50%,NA,136.169,35.903
Vogue Tex (Pvt) Ltd - Nochiyagama,Nochiyagama,North Central Province,Sri Lanka,501-1000,76-100%,NA,80.2,8.259
"Fujian Kingwell Furnitue Co., Ltd",Zhangzhou,Fujian,China,101-500,26-50%,NA,117.409,24.406
"Nice-Pak Products, Inc. (Mooresville)",Mooresville,Indiana,United States,101-500,26-50%,NA,-86.374,39.613
Good Way Electronic (Kunshan) Co. Ltd.,Kunshan,Jiangsu,China,101-500,51-75%,NA,120.976,31.387
Fuding Precision Industry (ZhengZhou) Co.Ltd,Zhengzhou,Henan,China,1001+,51-75%,NA,113.652,34.759
"Jinlong Industrial Co., Ltd.",Jiangmen,Guangdong,China,101-500,51-75%,NA,113.079,22.577
"Sengled Optoelectronics Co., Ltd",Tongxiang,Zhejiang,China,1001+,51-75%,NA,121.416,28.658
Sofidel America - Circleville ,Circleville,Ohio,United States,101-500,0-25%,NA,-82.946,39.601
First Quality Tissue - Anderson,Anderson,South Carolina,United States,501-1000,0-25%,NA,-82.651,34.507
Sofidel France,Frouard,Grand-Est,France,101-500,0-25%,NA,6.136,48.77
Trident Limited (Home Textile Division),Dhaula,Punjab,India,1001+,0-25%,NA,75.46,30.286
Kunal Houseware Pvt. Ltd.,Netali Village,Maharashtra,India,101-500,0-25%,NA,72.888,19.712
"Ningbo Dazhou Electric Appliance Co., Ltd.",Yuyao,Zhejiang,China,0-100,51-75%,NA,121.15,30.039
MYS Environmental Protection &Technology Company,Suzhou,Jiangsu,China,101-500,26-50%,NA,120.734,31.403
Amber Enterprises India Limited ,Dehradun,Uttarakhand,India,501-1000,0-25%,NA,77.847,30.362
Reliance Producers Cooperative (Rosario),Rosario,Cavite,Philippines,1001+,76-100%,NA,120.805,14.452
"Fashion Garments 2 Co., Ltd",Biên Hoà,Đồng Nai,Vietnam,101-500,76-100%,"Better Work, HERhealth",106.892,10.914
Stewarts Manufacturing (Pvt) Ltd,Ragama,Western Province,Sri Lanka,101-500,51-75%,NA,79.895,7.026
"GG Vietnam Co., Ltd.",My Hao,Hưng Yên,Vietnam,501-1000,76-100%,Better Work,106.108,20.926
"Nakagawa Mfg. Vietnam Co., Ltd",Phan Thiết,Bình Thuận,Vietnam,101-500,51-75%,NA,108.206,10.949
Smartserve Houseware Pvt Ltd,Bhiwandi,Maharashtra ,India,0-100,0-25%,NA,73.016,19.261
Presto Products Company,Appleton,Wisconsin,United States,101-500,0-25%,NA,-88.437,44.269
"Dongguan Donnelley Printing Co., Ltd",Dongguan,Guangdong,China,1001+,26-50%,NA,113.747,23.044
"TA-I Technology Co., Ltd. Sec. 3",Taoyuan City,Taoyuan,Taiwan,501-1000,51-75%,NA,121.279,25.066
Linea Aqua (Pvt) Ltd ,Veyangoda,Western Province,Sri Lanka,1001+,51-75%,NA,80.06,7.153
Mesacer Ceramics Lda ,Estarreja,Estarreja,Portugal,101-500,26-50%,NA,-8.568,40.756
"Kunshan Yobot Fitness Co., Ltd.",Kunshan,Jiangsu,China,101-500,26-50%,NA,120.976,31.387
Alok Industries Limited,Vapi,Gujarat,India,501-1000,26-50%,NA,72.917,20.372
Schick Manufacturing Inc. - Milford,Milford,Connecticut,United States,501-1000,51-75%,NA,-73.057,41.222
"Top Royal Flash Vietnam Co., Ltd",Hồ Chí Minh,Hồ Chí Minh City,Vietnam,101-500,76-100%,Better Work,106.614,10.717
"Suzhou Walsin Technology Electronics Co., Ltd.",Suzhou,Jiangsu,China,501-1000,51-75%,NA,120.734,31.403
"Healthcare Co., Ltd.",Rugao,Jiangsu,China,1001+,51-75%,NA,120.564,32.393
"ROHM Electronics Philippines, Inc",Carmona,Cavite,Philippines,1001+,0-25%,NA,121.034,14.3
Panasonic Gobel Energy Indonesia,Bekasi,West Java,Indonesia,1001+,26-50%,NA,107.095,-6.263
Dongguan Prosperity Knitwear & Garment Ltd,Dongguan,Guangdong,China,101-500,51-75%,NA,113.747,23.044
"Langham Garment Co., Ltd",An Tịnh,Tây Ninh,Vietnam,1001+,76-100%,"Better Work, HERhealth",106.354,11.036
"Zhejiang Stage Leather Apparel Co., Ltd.",Jinhua,Zhejiang,China,101-500,76-100%,NA,119.649,29.108
Garment 10 Joint-Stock Company,Hà Nội,Hà Nội,Vietnam,501-1000,76-100%,Better Work,105.919,21.031
Intercos Europe Spa – Agrate Brianza Site,Agrate Brianza,Monza and Brianza,Italy,1001+,51-75%,NA,9.351,45.576
National Semiconductor Corporation (Malacca),Malacca Batu,Malacca Batu,Malaysia,1001+,0-25%,NA,102.249,2.254
"Guangzhou Panyu Juda Car Audio Equipment Co., Ltd.",Guangzhou,Guangdong,China,501-1000,51-75%,NA,113.259,23.13
PT. HJ Busana Indah,Sukabumi,West Java,Indonesia,1001+,76-100%,Better Work,106.929,-6.925
"Dalian Iris Wooden Products Co., Ltd.",Dalian,Liaoning,China,101-500,0-25%,NA,121.628,38.918
Zhejiang Teso Hardware Manufacturing Corp.,Quzhou,Zhejiang,China,501-1000,26-50%,NA,118.854,28.974
Huizhou Modern Battery Limited,Huizhou,Guangdong,China,101-500,51-75%,NA,114.414,23.106
Malti Rugs,Bhadohi,Uttar Pradesh,India,0-100,0-25%,NA,82.488,25.423
"Zhejiang Top Circle Textiles Co., Ltd",Jiaxing,Zhejiang,China,0-100,51-75%,NA,120.783,30.651
Reliance Producers Cooperativ (Carmona),Carmona,Cavite,Philippines,1001+,51-75%,NA,121.034,14.3
Manjushree Technopack Ltd,Bangalore,Karnataka,India,501-1000,0-25%,NA,77.591,12.979
Georgia-Pacific Green Bay Day Street Mill,Green Bay,Wisconsin,United States,101-500,0-25%,NA,-88.013,44.513
"Yiyang Corun Battery Co., Ltd",Yiyang,Hunan,China,501-1000,76-100%,NA,112.057,28.439
"Sun Products Corporation, A Henkel Company",Bowling Green,Kentucky,United States,1001+,26-50%,NA,-86.444,36.99
Paramount Home Collections,Amroha,Uttar Pradesh,India,101-500,0-25%,NA,78.488,28.923
Ranir LLC,Grand Rapids,Michigan,United States,501-1000,51-75%,NA,-85.668,42.963
"Ningbo Alps Electronics Co., Ltd",Ningbo,Zhejiang,China,101-500,26-50%,NA,121.62,29.862
"Zhejiang Runhui Finery Co., Ltd",Yiwu,Zhejiang,China,101-500,26-50%,NA,120.07,29.306
"ASAP technology (Jianxi) Co., Ltd.",Ji'an,Jiangxi,China,1001+,51-75%,NA,114.927,27.008
"Skyworks Solutions (B.C., Mexico)",Mexicali,Baja California,Mexico,1001+,26-50%,NA,-115.419,32.634999
"Jiangsu Yizheng Carepro Medical Instruments Co., Ltd",Yizheng,Jiangsu,China,0-100,76-100%,NA,119.145,32.316
Cyber Power (Shenzhen) Inc.,Shenzhen,Guangdong,China,501-1000,26-50%,NA,114.055,22.545
"Ningbo Soundking Electronics & Sound Co., Ltd",Ningbo,Zhejiang,China,501-1000,26-50%,NA,121.62,29.862
"Langshi Garments & Weaving Co., Ltd. Jinjiang",Jinjiang,Fujian,China,101-500,51-75%,NA,118.548,24.784
Durian Industries Ltd.,Palghar,Maharashtra,India,0-100,0-25%,NA,73.097,19.756
Shakti Tex ,Bangalore,Karnataka,India,101-500,51-75%,NA,77.591,12.979
"Unichela (Pvt) Ltd, Linea Intimates Division",Pallekele,Central Province,Sri Lanka,1001+,76-100%,NA,80.696,7.281
"Zhejiang Dongli Electric Appliance Co., Ltd ",Yongkang,Zhejiang,China,101-500,26-50%,NA,120.043,28.891
Diversitech Manufacturing Corporation,Hangzhou,Zhejiang,China,0-100,51-75%,NA,120.205,30.249
Lenny Fashions Ltd ,Dhaka,Dhaka,Bangladesh,1001+,51-75%,NA,90.272,23.94
"Fuzhou New Developing Home Products Co., Ltd",Fuzhou,Fujian,China,0-100,51-75%,NA,119.292,26.077
Shuangma Plastic Manufacturing Inc.,Linhai,Zhejiang,China,101-500,51-75%,NA,121.142,28.86
Rakshaa Pvt. Ltd ,Siyambaalgoda,Central Province,Sri Lanka,101-500,76-100%,NA,79.967,6.807
"Allmed Medical Products Co., Ltd",Yichang,Hubei,China,1001+,51-75%,NA,111.751,30.435
"TA-I Technology (Su Zhou) Co.,  Ltd",Suzhou,Jiangsu,China,101-500,26-50%,NA,120.734,31.403
B Jain Publishers Pvt. Ltd.,Noida,Uttar Pradesh,India,0-100,26-50%,NA,77.355,28.573
Schick Manufacturing Inc.,Knoxville,Tennessee,United States,101-500,0-25%,NA,-83.921,35.96
Vishay Israel Ltd.,Beersheva,Negev ,Israel,101-500,26-50%,NA,34.788,31.254
"Unipros Camping Products Co., Ltd.",Xiamen,Fujian,China,101-500,51-75%,NA,118.075,24.459
"ROHM Integrated Systems (Thailand) Co., Ltd.",Bangkok,Bangkok,Thailand,1001+,26-50%,NA,100.594,14.114
APCB Electronics Asia ltd. Shenzhen,Shenzhen,Guangdong,China,1001+,26-50%,NA,114.055,22.545
"Wuhu Maty Air-Conditioning Equipment Co., Ltd.",Wuhu,Anhui,China,1001+,26-50%,NA,118.428,31.354
"Vi-Jon, Inc (Smyrna)",Smyrna,Tennessee,United States,501-1000,26-50%,NA,-86.519,35.983
"Everlight Electronics Co., Ltd. (Yutian)",Yutian Village,Yuanli Township,Taiwan,501-1000,51-75%,NA,120.677,24.41
Puna Store,Pune,Maharashtra,India,0-100,76-100%,NA,73.854,18.52
"Nguyen Toan Trading & Apparel Co., Ltd",Phủ Lý,Hà Nam,Vietnam,101-500,76-100%,NA,105.921,20.538
Forza Industries Ltd,Ashford,England,United Kingdom,0-100,0-25%,NA,0.872,51.149
Sree Santosh Garments,Tirupur,Tamil Nadu,India,101-500,26-50%,NA,77.347,11.167
"Ningbo Singfun Electric Appliance Co., Ltd",Cixi,Zhejiang,China,1001+,26-50%,NA,121.262,30.171
Ionut Fashion Alexmary Srl  ,Campulung,Arges,Romania,0-100,76-100%,NA,25.011,45.241
APP (India) Paper Pvt Ltd,Rewari,Haryana,India,0-100,0-25%,NA,76.617,28.196
"Taiyo Yuden (Niigata, Japan)",Kubiki-ku,Niigata,Japan,101-500,0-25%,NA,138.329,37.186
"Tancheng Meitai Home Products Co., Ltd.",Linyi,Shandong,China,0-100,0-25%,NA,116.851,37.177
"Starry Electronic Technology (Shenzhen) Co., Ltd",Shenzhen,Guangdong,China,501-1000,76-100%,NA,114.055,22.545
Guangxi Beiliu Huangsheng Porcelain Ltd,Beiliu,Guangxi,China,501-1000,51-75%,NA,110.531,22.443
"Guangdong Lihongji Stainless Steel Industry Co., Ltd.",Jieyang,Guangdong,China,101-500,26-50%,NA,116.35,23.543
"Ningbo Pacrim Manufacturing Co., Ltd.",Ningbo,Zhejiang,China,101-500,51-75%,NA,121.62,29.862
"Macronix International Co., Ltd. (Hsin-chu)",Hsin-Chu,Hsin-Chu,Taiwan,1001+,26-50%,NA,121.007,24.782
"Walsin (Kaohsiung, Taiwan)",Kaohsiung,Kaohsiung,Taiwan,101-500,76-100%,NA,120.303,22.64
Stylo Tablewares ,Baddi,Himachal Pradesh,India,101-500,0-25%,NA,76.766,30.981
IFF Overseas Pvt. Ltd,Indore,Madhya Pradesh,India,501-1000,51-75%,NA,75.868,22.72
Esquire Multiplast Pvt Ltd,Erode,Tamilnadu,India,0-100,0-25%,NA,77.553,11.258
Taiyo Yuden  ,Sawa-gun,Gunma,Japan,1001+,0-25%,NA,139.128,36.302
"Henan Tengrun Industrial Co., Ltd",Shangqiu,Henan,China,101-500,0-25%,NA,115.697,34.326
"Wenzhou Shenggao Industrial And Trading Co., Ltd ",Wenzhou,Zhejiang,China,101-500,26-50%,NA,120.692,27.996
Nitai Clothings,Jaipur,Rajasthan,India,0-100,0-25%,NA,75.82,26.916
Eagle Network Supply Pvt. Ltd. ,New Delhi,Delhi,India,0-100,0-25%,NA,77.145,28.493
Sofidel Germany GmbH,Arneburg,Sachsen-Anhalt,Germany,101-500,0-25%,NA,12.004,52.674
NXP Manufacturing (Thailand) Ltd.,Bangkok,Bangkok,Thailand,101-500,26-50%,NA,100.571,13.892
Pearl Garments Co. Ltd.,Dhaka,Dhaka,Bangladesh,1001+,51-75%,"Better Work, HERhealth",90.407,23.71
KP Textil S.A,Guatemala City,NA,Guatemala,501-1000,51-75%,NA,-90.555,14.54
Optrontec Inc. (Daejeon),Daejeon,Chungcheong-do,South Korea,1001+,26-50%,NA,127.364,36.389
Textile Sourcing Company,Pueblo Nuevo,Chincha,Peru,1001+,51-75%,NA,-75.953,-13.296
"Sri Trang Gloves (Thailand) Co., Ltd. ",Hat Yai,Songkhla,Thailand,1001+,51-75%,NA,100.458,7.003
Brandix Apparel Solutions Limited - Essentials,Kahawatta,Sabaragamuwa Province,Sri Lanka,1001+,76-100%,NA,80.573,6.583
Trident Limited (Budhni Mfg. Facility),Sohar,Madhya Pradesh,India,1001+,0-25%,NA,77.683,22.777
"Merry Electronics Co.,Ltd",Shenzhen,Guangdong,China,101-500,0-25%,NA,114.055,22.545
Dongguan Aohai Power Technology Co.LTD,Tangxia,Guangdong,China,1001+,26-50%,NA,113.248,23.177
"Hangzhou Tianyuan Pet Products Co., Ltd",Hangzhou,Zhejiang,China,101-500,51-75%,NA,120.205,30.249
"Dongguan Elite Garment Manufacturing Co., Ltd.",Dongguan,Guangdong,China,501-1000,51-75%,NA,113.747,23.044
Bodyline (Pvt) Ltd- Horana,Horana,Western Province,Sri Lanka,1001+,76-100%,NA,80.099,6.726
"Shandong Intco Medical Products Co., Ltd",Qingzhou,Shandong,China,1001+,26-50%,NA,118.474,36.684
Infastech Wuxi,Wuxi,Jiangsu,China,101-500,76-100%,NA,120.295,31.578
"Ningbo Yinzhou Kelly Fashion Co., Ltd.",Ningbo,Zhejiang,China,101-500,76-100%,NA,121.62,29.862
American Eagle Paper Mills,Tyrone,Pennsylvania,United States,101-500,0-25%,NA,-78.238,40.671
Unichela Private Limited - Thurulie Division,Thulhiriya,Sabaragamuwa Province,Sri Lanka,1001+,76-100%,NA,80.218,7.274
Star United Int'l Group Ltd,Dongguan,Guangdong,China,101-500,76-100%,NA,113.747,23.044
Robert Bosch Reutlingen Plant,Reutlingen,Baden-Württemberg,Germany,1001+,26-50%,NA,9.204,48.507
"Putian Hengtong Industrial Co., Ltd ",Putian,Fujian,China,101-500,26-50%,NA,119.007,25.434
Sonora S Plan S. De R.L. De C.V.,Ciudad Obregón,Sonora,Mexico,1001+,51-75%,NA,-108.929,30.36
Unitech Printed Circuit Board Corporation,New Taipei City,Taipei,Taiwan,1001+,51-75%,NA,121.441,24.967
Intercorse Europe Spa – Dovera Site,Dovera,Cremona,Italy,101-500,51-75%,NA,9.541,45.366
Shanghai Dailyline Corp.,Shanghai,Shanghai,China,0-100,51-75%,NA,121.296,31.373
"Chaozhou Veio Ceramics Co., Ltd.",Chaozhou,Guangdong,China,101-500,26-50%,NA,113.128,23.03
Glanbia Performance Nutrition - Meridian Lake Dr.,Aurora,Illinois,United States,501-1000,26-50%,NA,-88.315,41.757
PT. FDK Indonesia,Bekasi,West Java,Indonesia,501-1000,26-50%,NA,106.995,-6.235
Double A Alizay,Alizay,Normandie,France,101-500,0-25%,NA,1.175,49.32
Ying Kou Sheng Sheng Shoes Products Co Ltd,Yingkou,Liaoning,China,101-500,0-25%,NA,122.236,40.675
Yageo Corporation (Nantze Branch),Kaohsiung,Kaohsiung,Taiwan,501-1000,76-100%,NA,120.308,22.718
"Dongguan Richtek Electronics Co., Ltd",Dongguan,Guangdong,China,101-500,26-50%,NA,113.747,23.044
Taiga Apparel (Pvt) Ltd,Lahore,Punjab,Pakistan,1001+,0-25%,NA,74.314,31.566
Zhongshan Nanlang  Zefeng Knitting Company Limited,Zhongshan,Guangdong,China,101-500,51-75%,NA,113.366,22.521
"TA-I Technology (Dongguan) C0.,  Ltd",Dongguan,Guangdong,China,101-500,51-75%,NA,113.747,23.044
"Hangzhou Dafang Tools Co., Ltd",Hangzhou,Zhejiang,China,0-156,76-100%,NA,120.205,30.249
"Fortunta International Co., Ltd. ",Shenzhen,Guangdong,China,1001+,51-75%,NA,114.055,22.545
"Ningbo Texstar Industry Co., Ltd",Ningbo,Zhejiang,China,0-100,51-75%,NA,121.62,29.862
"Jiangsu Yishun Medical Equipment Co., Ltd",Qidong,Jiangsu,China,0-100,51-75%,NA,121.656,31.813
Tharco Container,San Lorenzo,California,United States,101-500,26-50%,NA,-122.124,37.681
"Shanghai Caswier Dress Co., Ltd",Shanghai,Shanghai,China,101-500,51-75%,NA,121.489,31.225
Trendywear Adhikarigama (Pvt) Ltd,Wellawa,North Western Province,Sri Lanka,501-1000,76-100%,NA,80.368,7.594
Industria De Calcados Kissol Ltda ,São Paulo,São Paulo,Brazil,101-500,26-50%,NA,-47.414,-20.517
China Coilcraft Meixian Co. Ltd.,Meizhou,Guangdong,China,1001+,76-100%,NA,116.118,24.305
Interloop Limited Hd03,Lahore,Punjab,Pakistan,1001+,26-50%,NA,74.314,31.566
"Wuxi Murata Electronics Co., Ltd",Wuxi,Jiangsu,China,1001+,0-25%,NA,120.295,31.578
Asm Industries (I) Pvt. Ltd.,Umbergaon,Gujarat,India,101-500,51-75%,NA,72.841,20.251
Goodwill Fabrics Pvt. Ltd.,Bangalore,Karnataka,India,101-500,76-100%,NA,77.591,12.979
"Minhou Minxing Weaving Co., Ltd",Fuzhou,Fujian,China,1001+,51-75%,NA,119.292,26.077
Mosi Tekstil San. Ve Tic. Ltd. Şti,Buca,Izmir Province,Turkey,101-500,51-75%,NA,27.156,38.356
Ningbo Huafeng Package Co Ltd,Ningbo,Zhejiang,China,101-500,26-50%,NA,121.62,29.862
Shandong Xingyu Gloves Co. Ltd,Gaomi,Shandong,China,501-1000,26-50%,NA,119.801,36.365
Art Remedy LLC,Hallandale Beach,Florida,United States,0-100,51-75%,NA,-80.14,25.986
Kimberly-Clark Corporation,Paris,Texas,United States,1001+,0-25%,NA,-95.556,33.662
Toshiba Corporation Yokkaichi Operations (Mie),Yokkaichi,Mie,Japan,1001+,26-50%,NA,136.604,35.013
Pearl,Noida,Uttar Pradesh,India,101-500,0-25%,NA,77.315,28.581
"Oji Nepia Co., Ltd. Nagoya Factory",Kasugai,"Oji-chou, Aichi",Japan,101-500,0-25%,NA,136.975,35.239
ABLIC Inc (Akita),Daisen-shi ,Akita,Japan,101-500,0-25%,NA,140.498,39.438
Yash Fans & Appliances Ltd,Baddi,Himachal Pradesh,India,101-500,0-25%,NA,76.766,30.981
"Ningbo Longfei Century O.E.Pty Co., Ltd.",Ningbo,Zhejiang,China,101-500,76-100%,NA,121.62,29.862
"Jiaxing Haike Luggage Bags Co., Ltd",Jiaxing,Zhejiang,China,101-500,26-50%,NA,121.416,28.658
Soccer International Pvt. Ltd.,Jalandhar,Punjab,India,101-500,0-25%,NA,75.577,31.332
Foresight Optical (Xiamen) Ltd.,Xiamen,Fujian,China,101-500,51-75%,NA,118.075,24.459
"Jiaxing J&X Cleaning Product Co., Ltd.",Jiaxing,Zhejiang,China,101-500,76-100%,NA,120.783,30.651
Korea KyongNam Taiyo Yuden,Sacheon,Gyeongsang-do,South Korea,101-500,0-25%,NA,128.062,35.065
Just Jute Products,Bangalore,Karnataka,India,0-100,51-75%,NA,77.591,12.979
CTDI Solutions Ltd,Noerten-Hardenberg,Northeim,Germany,501-1000,76-100%,NA,9.93,51.606
"Vi-Jon, Inc. ",St. Louis,Missouri,United States,0-100,26-50%,NA,-90.199,38.627
Savera Press Comps Pvt Ltd ,Aurangabad,Maharashtra,India,101-500,0-25%,NA,75.328,19.874
"Xi Hua Kai Hong Shoes Co., Ltd",ZhouKou,Henan,China,501-1000,51-75%,NA,114.912,33.808
MYS Environmental Protection &Technology Co. (Qiaotou),Qiaotou,Guangdong,China,1001+,26-50%,NA,113.77,24.248
"Wooyang Vina II Co., Ltd",Hồ Chí Minh,Hồ Chí Minh City,Vietnam,1001+,51-75%,Better Work,106.647,10.894
"Kinko Optical Co., Ltd (Taichung)",Taichung,NA,Taiwan,501-1000,51-75%,NA,120.648,24.163
Simmons Dry Petfood,Decatur,Arkansas ,United States,101-500,26-50%,NA,-94.461,36.336
"Unichela (Pvt) Ltd, Linea Clothing Division",Kandy,Central Province,Sri Lanka,1001+,76-100%,NA,80.696,7.281
Jining Chenyang Garment Co Ltd.,Zoucheng,Shandong,China,101-500,0-25%,NA,116.965,35.404
"Taicang Union Clean Co., Ltd.",Taicang,Jiangsu,China,0-100,51-75%,NA,121.126,31.459
TK Group International (Hong Kong) Limited,Shenzhen,Guangdong,China,1001+,51-75%,NA,114.055,22.545
Ningde Amperex Technology Ltd.,Ningde,Fujian,China,1001+,26-50%,NA,119.522,26.666
"Tsann Kuen (Zhang Zhou) Enterprise Co., Ltd",Zhangzhou,Fujian,China,1001+,51-75%,NA,117.409,24.406
Pro Sports Giao Yen Garment Joint Stock Company,Giao Yến,Nam Định,Vietnam,1001+,76-100%,Better Work,106.177,20.434
"Jiangsu Intco Medical Products Co., Ltd.",Zhenjiang,Jiangsu,China,501-1000,51-75%,NA,119.458,32.214
Trendywear Adhikarigama (Pvt) Ltd,Adhikarigama,Central Province,Sri Lanka,501-1000,76-100%,NA,80.778,7.219
"Zhejiang Kaida Stationery Co., Ltd",Hangzhou,Zhejiang,China,101-500,51-75%,NA,120.205,30.249
CTDI West Chester,West Chester,Pennsylvania,United States,0-100,0-25%,NA,-75.606,39.96
"Dongguan Newmen Electronics Technology Co., Ltd",Dongguan,Guangdong,China,101-500,76-100%,NA,113.747,23.044
Bhandari Hosiery Exports Limited ,Ludhiana,Punjab,India,101-500,0-25%,NA,75.852,30.909
"Vina Ckgf Trading Co., Ltd ",Phú Thọ,Phú Thọ,Vietnam,1001+,76-100%,Better Work,105.243,21.383
Merry Electronics (Suzhou),Suzhou,Jiangsu,China,101-500,26-50%,NA,120.734,31.403
Carvajal Educación S.A. De C.V.,San Martín Xochinahuac,Mexico City,Mexico,101-500,51-75%,NA,-99.195,19.504
Rayovac,Portage,Wisconsin,United States,101-500,26-50%,NA,-89.511,44.46
Ceela International,Jalandhar,Punjab,India,0-100,0-25%,NA,75.577,31.332
Industrias Printex S.A.S,Armenia,Quindio,Colombia,101-500,51-75%,NA,-75.74,4.492
Acco Brands Booneville Mississippi,Booneville,Mississippi,United States,101-500,51-75%,NA,-88.567,34.658
"Shenzhen Fenda Technology Co., Ltd.",Shenzhen,Guangdong,China,1001+,26-50%,NA,114.055,22.545
"Murata Electronics, Inc.  ",Setouchi-shi,Okayama,Japan,1001+,0-25%,NA,134.092999,34.665
"Kinwing Electric Industrial Co., Ltd.",Jiangmen,Guangdong,China,101-500,51-75%,NA,113.079,22.577
Concepts Hygiene P Ltd.,Ahmedabad,Gujarat,India,0-100,0-25%,NA,72.58,23.022
PT. Metro Garmin,Bandung,West Java,Indonesia,1001+,76-100%,NA,107.621,-6.982
"Ningbo Tonglikai Garment Co., Ltd",Dancheng Xiangshan,Zhejiang,China,0-100,51-75%,NA,121.866,29.475
New Ocean Precision Component (Jiangxi) Co. Ltd.,Fengcheng,Jiangxi,China,1001+,76-100%,NA,115.785,28.196
NG Electro Products (P) Limited ,Solan,Himachal Pradesh,India,0-100,0-25%,NA,77.082,30.926
Spin Valis D.D.,Požega,Požeško-slavonska,Croatia,101-500,0-25%,NA,17.675,45.332
Aurora Office Equipment Co Ltd Shanghai,Shanghai,Shanghai,China,101-500,76-100%,NA,121.266,31.373
"Meiko Electronics (Wuhan) Co.,Ltd",Wuhan,Hubei,China,1001+,26-50%,NA,114.159,30.489
Hoffmaster Group Inc.,Oshkosh,Wisconsin,United States,101-500,26-50%,NA,-88.541,44.021
Sonoco Display And Packaging,Stryków,NA,Poland,501-1000,51-75%,NA,19.587,51.877
"Meizhou Guowei Electronics Co., Ltd",Meizhou,Guangdong,China,501-1000,76-100%,NA,116.161,24.286
"Afroze Textile Industries (Pvt.), Ltd.",Karachi,Sindh,Pakistan,501-1000,0-25%,NA,67.185,25.145
"Richa & Co., ",Gurugram,Haryana,India,501-1000,0-25%,NA,77.03,28.465
"Hua Jian Electronics Co., Ltd.",Shantou,Guangdong,China,501-1000,76-100%,NA,116.678,23.356
Raj Overseas,Panipat,Haryana,India,101-500,51-75%,NA,76.977,29.391
Apache Mills ,Calhoun,Georgia,United States,501-1000,26-50%,NA,-84.614,31.531
Renwil Inc,Lasalle,Québec,Canada,0-100,51-75%,NA,-73.629,45.433
New Glass JSC,Novi Pazar,Sofia,Bulgaria,101-500,26-50%,NA,27.189,43.341
Tatra Spring Polska Sp. Z O.O.,Garwolin,NA,Poland,101-500,51-75%,NA,21.597,51.915
Cosmopolitan Industries (Pvt.) Ltd.,Dhaka,Dhaka,Bangladesh,1001+,51-75%,"Better Work, HERhealth",90.323,23.89
"Forewin (Suzhou) Electronics Co., Ltd.",Suzhou,Jiangsu,China,1001+,26-50%,NA,120.734,31.403
North America IML Containers Inc.,St Placide,Québec,Canada,0-100,0-25%,NA,-74.206,45.529
Ajuun Tex,Tirupur,Tamil Nadu,India,0-100,26-50%,NA,77.347,11.167
"Tongxiang Eco-Leap Textile Co., Ltd",Tongxiang,Zhejiang,China,101-500,51-75%,NA,120.561,30.632
Yageo Corporation (Kaohsiung),Kaohsiung,Kaohsiung,Taiwan,501-1000,51-75%,NA,120.595,31.304
"Plus Vietnam Industrial Co., Ltd.",Biên Hoà,Đồng Nai,Vietnam,1001+,51-75%,NA,106.892,10.914
Cbeeso Space Savers Llp,Bangalore,Karnataka,India,0-100,26-50%,HERhealth,77.591,12.979
Interloop Limited Hosiery ,Faisalabad,Punjab,Pakistan,1001+,0-25%,NA,73.092,31.422
"Ningbo Homelink Eco-Itech Co., Ltd.",Ningbo,Zhejiang,China,101-500,26-50%,NA,121.62,29.862
Magppie International Ltd.,Sonipat,Haryana,India,501-1000,51-75%,NA,76.932,29.053
"Jinhua Sky Talent Power Tools Co., Ltd",Jinhua,Zhejiang,China,501-1000,26-50%,NA,119.816,28.893
"Dongguan Heqin Electronic Co., LTD",Dongguan,Guangdong,China,1001+,26-50%,NA,113.747,23.044
"Jiangyin Hongliu Bedsheet Co., Ltd.",Jiangyin,Jiangsu,China,101-500,76-100%,NA,120.263,31.909
"Teraoka Seisakusho Co., Ltd.",Sano City,Tochigi Prefecture,Japan,1001+,26-50%,NA,139.579,36.317
Siward Crystal Technology Co. Ltd,Taichung City,Taichung,Taiwan,101-500,76-100%,NA,120.682,24.152
Essity Operations Poland Sp Z O.O.,Olawa,NA,Poland,501-1000,0-25%,NA,17.307,50.936
Vimal Plast (India) Pvt. Ltd. ,Noida,Uttar Pradesh,India,0-100,0-25%,NA,77.355,28.573
"Fashion Garments 2 Co., Ltd - Tan Phu Branch",Tân Phú,Hồ Chí Minh City,Vietnam,1001+,76-100%,"Better Work, HERhealth",106.63,10.781
Jinjiang Xinhuagnxing Co.Ltd,Quanzhou,Fujian,China,0-100,26-50%,NA,118.548,24.784
Dongguan Chao Ba Batteries Co Ltd,Dongguan,Guangdong,China,101-500,51-75%,NA,113.747,23.044
Pinghu Xingrong Luggage & Bag Co. Ltd.,Jiaxing,Zhejiang,China,101-500,26-50%,NA,121.012,30.678
PT. Daenong Global,Subang,West Java,Indonesia,1001+,76-100%,Better Work,107.759,-6.569
Flab International Private Limited,Gurgaon,Harayana,India,0-100,0-25%,NA,76.996,28.433
Agape Package Manufacturing (Shanghai) Ltd.,Shanghai,Shanghai,China,501-1000,51-75%,NA,121.489,31.225
"Anhui Kangfu Industrial Foreign Trade Co., Ltd",Tianchang,Anhui,China,0-100,,NA,118.999,32.668999
Amperex Technology Limited,Dongguan,Guangdong,China,1001+,26-50%,NA,113.747,23.044
Brandix Apparel Solutions Limited - Essentials,Rambukkana,Sabaragamuwa Province,Sri Lanka,1001+,76-100%,NA,80.386,7.301
"Nissinn Chemical Co., Ltd.",Ito,Wakayama,Japan,101-500,51-75%,NA,135.661,33.499
Tolsa UK,Flixborough,England,United Kingdom,0-100,0-25%,NA,-0.684,53.614
Inzex Textile Pvt Ltd ,Sonipat,Haryana,India,0-100,26-50%,NA,76.932,29.053
Taiyo Yuden (Malaysia),Kuching,Sarawak,Malaysia,1001+,26-50%,NA,110.406,1.522
"Ningbo Aolbea Oral Care Products Co., Ltd ",Ningbo,Zhejiang,China,0-100,51-75%,NA,121.62,29.862
First Quality Consumer Products - McElhattan,McElhattan,Pennsylvania,United States,501-1000,26-50%,NA,-77.361,41.16
"Liteon Power Technology (Dongguan) Co., Ltd.",Dongguan,Guangdong,China,1001+,,NA,113.747,23.044
Top Victory Electronics (Fuqing) Co. Ltd,Fuzhou,Fujian,China,101-500,51-75%,HERhealth,119.292,26.077
Simmons Pet Food,Streetsville,Ontario,Canada,101-500,26-50%,NA,-79.713,43.581
"Shanghai Gausha Accessory Co., Ltd ",Qingpu,Shanghai,China,0-100,51-75%,NA,121.114,31.154
"Changzhou Meiguan Care Products Technology Co., Ltd.",Changzhou,Jiangsu,China,0-100,76-100%,NA,119.969,31.813
"Bynsa Mascotas, S.L.",El Burgo de Ebro,Zaragoza,Spain,101-500,26-50%,NA,-0.742,41.572
Clearwater Paper,Lewiston,Idaho,United States,0-100,0-25%,NA,-117.018,46.417
Goyal Fashions Pvt. Ltd.,Jaipur,Rajasthan,India,101-500,26-50%,NA,75.82,26.916
Hung Yen Garment Corporation- Joint Stock Company,Hưng Yên,Hưng Yên,Vietnam,1001+,51-75%,Better Work,106.061,20.661
Akh Eco Apparels Ltd.,Dhaka,Dhaka,Bangladesh,1001+,26-50%,"Better Work, HERfinance",90.113,23.918
Shimokosaka Factory,Kawagoe,Saitama,Japan,101-500,51-75%,NA,139.454,35.935
Logistics Park (Pvt) Ltd,Wellampitiya,Western Province,Sri Lanka,0-100,51-75%,NA,79.896,6.937
"Oike Fine Coating, Inc.",Kurayoshi ,Tottori,Japan,501-1000,26-50%,NA,133.797,35.428
Zhong Hang Yu Ming (Anyang) Science Technology Limited,Anyang,Henan,China,101-500,26-50%,NA,114.336,36.102
Sofidel Benelux,Duffel,"Flanders, Antwerpen",Belgium,101-500,0-25%,NA,4.506,51.096
Xinxing Xianfeng Stainless Steel Production Ltd. Xincheng Branch,Yunfu,Guangdong,China,1001+,26-50%,NA,112.04,22.917
Molex Incorporated,Perai,Penang,Malaysia,101-500,26-50%,NA,100.43,5.339
"Rongli Garments Co., Ltd",Yiwu,Zhejiang,China,501-1000,51-75%,NA,120.07,29.306
Texteis Penedo SA,Guimarães,Braga,Portugal,0-100,26-50%,NA,-8.295999,41.442
"Haso Sanitary Materials (Suzhou) Co., Ltd",Taicang,Jiangsu,China,501-1000,76-100%,NA,121.171,31.566
Worldwide Tradelinks,Ludhiana,Punjab,India,101-500,0-25%,NA,75.852,30.909
KEMET (Guadalupe),Guadalupe,Nuevo Leon,Mexico,1001+,76-100%,NA,-100.186,25.647
AAC Technologies Holdings Inc. (Shenzhen),Shenzhen,Guangdong,China,101-500,26-50%,NA,114.055,22.545
Global Attire Ltd ,Dhaka,Dhaka,Bangladesh,1001+,51-75%,Better Work,90.254,23.878
"Nan Hing Knitting & Garments Co., Ltd Putian, Fujian",Putian,Fujian,China,101-500,51-75%,NA,119.007,25.434
TXC Corporation,Ningbo,Zhejiang,China,501-1000,26-50%,NA,121.62,29.862
"Dongguan Dawei Sanitary Products Co, Ltd.",Dongguan,Guangdong,China,101-500,51-75%,NA,113.747,23.044
Simula Technology Inc. (Shenzhen),Shenzhen,Guangdong,China,501-1000,76-100%,NA,114.055,22.545
Ningbo Dinghua Industrial Limited,Ningbo,Zhejiang,China,101-500,51-75%,NA,121.62,29.862
Rubinsha Exports Private Limited ,Umbergaon,Gujarat,India,0-100,0-25%,NA,72.841,20.251
Biel Crystal Manufactory Limited ,Huizhou,Guangdong,China,1001+,26-50%,NA,114.414,23.106
First Quality Consumer Products - Lewistown,Lewistown,Pennsylvania,United States,501-1000,26-50%,NA,-76.029,40.733
Ensky Technology Pte. Ltd.,Shenzhen,Guangdong,China,1001+,26-50%,NA,114.055,22.545
"Ningbo Sunny Opotech Co., Ltd.",Ningbo,Zhejiang,China,1001+,51-75%,NA,121.62,29.862
Hangzhou Amphenol Phoenix,Hangzhou,Zhejiang ,China,1001+,26-50%,NA,120.205,30.249
"Vi-Jon, Inc.  ",St. Louis,Missouri,United States,101-500,26-50%,NA,-90.199,38.627
"Dai Nippon Printing Co., Ltd. (Hiroshima-ken)",Mihara-shi ,Hiroshima,Japan,101-500,0-25%,NA,133.074999,34.404
"Zhejiang Demure Furniture Co, Ltd",Huzhou,Zhejiang,China,101-500,26-50%,NA,119.542,30.621
"Murata Electronics, Inc. (Fukui)",Awara-shi,Fukui,Japan,101-500,26-50%,NA,136.229,36.211
"Jiangsu Midea Cleaning Appliances Co., Ltd",Suzhou,Jiangsu,China,1001+,26-50%,NA,120.734,31.403
Delite Kom Ltd.,Greater Noida,Uttar Pradesh,India,0-100,0-25%,NA,77.514,28.467
Compal Information (Kunshan) co. Ltd. ,Kunshan,Jiangsu,China,501-1000,26-50%,NA,120.976,31.387
AGC Kansai (Takasago),Takasago,Hyogo,Japan,101-500,0-25%,NA,134.788,34.774
Epic Garments Manufacturing Ltd ,Narayangonj,Dhaka,Bangladesh,1001+,51-75%,NA,90.517,23.676
Shenzhen PUT MIM Factory,Shenzhen,Guangdong,China,501-1000,51-75%,NA,114.055,22.545
Simmons Pet Food,Pennsauken,New Jersey,United States,101-500,0-25%,NA,-75.058,39.956
Banta Global Turnkey Shenzhen Co Ltd,Shenzhen,Guangdong,China,101-500,76-100%,NA,114.055,22.545
"Shenzhen EverWin Precision Technology Co.,Ltd",Shenzhen,Guangdong,China,1001+,26-50%,NA,114.055,22.545
Siddharth Exports ,Noida,Uttar Pradesh,India,0-100,0-25%,NA,77.355,28.573
Durand Glass Manufacturing,Millville,New Jersey,United States,501-1000,26-50%,NA,-75.039,39.402
"Changzhou Runling Apparel Co., Ltd",Changzhou,Jiangsu,China,101-500,76-100%,NA,119.969,31.813
"Shandong Heishan Glass Group Co., Ltd",Zibo,Shandong,China,501-1000,51-75%,NA,118.044,36.805
Foshan Nanhai World Richman Technology & Innovation Co. Ltd.,Foshan,Guangdong,China,101-500,51-75%,NA,113.115,23.025
"Acrox Technologies Co., Ltd",Dongguan,Guangdong,China,101-500,26-50%,NA,113.747,23.044
"Zoy Home Furnishing Co., Ltd.",Huzhou,Zhejiang,China,501-1000,26-50%,NA,120.085,30.894
Dongguan Vigor Plastics & Electronics Products Company Ltd,Dongguan,Guangdong,China,1001+,51-75%,NA,113.747,23.044
Daishinku Corp. Tottori Production Div.,Minami,Tottori,Japan,101-500,0-25%,NA,134.207,35.422
"Fujian Dong Fang Lie Lang Clothing Weaving Co., Ltd. ",Putian,Fujian,China,1001+,26-50%,NA,119.007,25.434
Lehigh Valley,Easton,Pennsylvania,United States,101-500,26-50%,NA,-75.21,40.692
"Macronix International Co., Ltd. ",Hsin-Chu,Hsin-Chu,Taiwan,101-500,0-25%,NA,114.068,22.546
Vitaquest International LLC ,West Caldwell,New Jersey,United States,101-500,26-50%,NA,-74.302,40.841
Crescent Fashion & Design Limited,Gazipur,Dhaka,Bangladesh,1001+,26-50%,Better Work,90.423,23.998
American Pad & Paper De Mexico S. De R.L. De C.V.,Heroica Matamoros,Tamaulipas,Mexico,501-1000,26-50%,NA,-97.428,25.834
Branch Of Song Hong Garment Joint Stock Company  ,Tam Nong,Phú Thọ,Vietnam,101-500,76-100%,NA,105.23,21.307
Nmk Textile Mills (India) Pvt. Ltd.,Thane,Maharashtra,India,101-500,26-50%,NA,72.97,19.194
"H&Y Technology Co., Ltd.",Dongguan,Guangdong,China,0-100,26-50%,NA,113.747,23.044
IVC  International Vitamin Corporation (Delavau LLC),Philadelphia,Pennsylvania,United States,101-500,0-25%,NA,-75.164,39.953
Nice-Pak Deutschland GmbH,Osterweddingen,Sülzetal,Germany,101-500,26-50%,NA,11.577,52.055
"STMicroelectronics, Inc. (Shenzhen, China)",Shenzhen,Guangdong,China,1001+,0-25%,NA,114.055,22.545
Huizhou Nanxuan Knitting Factory Limited,Huizhou,Guangdong,China,501-1000,51-75%,NA,114.414,23.106
Royal Pet,St. Paul,Minnesota,United States,0-100,51-75%,NA,-93.102,44.95
"Huilin Packing Dongguan Co., Ltd.",Dongguan,Guangdong,China,501-1000,26-50%,NA,111.548,23.521
Nexperia Malaysia Sdn. Bhd.,Seremban,Negeri Sembilan,Malaysia,1001+,51-75%,NA,101.934,2.725
Zhongshan Zen Factory Ltd,Dongguan,Guangdong,China,101-500,51-75%,NA,113.747,23.044
"Electrical Appliance Branch - Zhangzhou Easepal Industrial Co., Ltd",Zhangzhou,Fujian,China,101-500,51-75%,NA,117.409,24.406
"Guangdong Everwin Precision Technology Co.,Ltd (Plastic Branch)",Dongguan,Guangdong,China,101-500,26-50%,NA,113.747,23.044
Dongguan Shengbao Footwear,Dongguan,Guangdong,China,101-500,26-50%,NA,113.747,23.044
Kwun Tong Apparels Ltd,Narayangonj,Dhaka,Bangladesh,1001+,51-75%,"HERhealth, HERfinance ",90.6,23.819
Tops Products Covington,Covington,Georgia,United States,101-500,76-100%,NA,-83.86,33.597
Ensky Technology (HengYang),Hengyang,Hunan,China,1001+,51-75%,NA,112.606,26.902
Asba Products,New Delhi,Delhi,India,0-100,0-25%,NA,77.123,28.626
"Fashion Garments Co., Ltd",Tam Kỳ,Quang Nam,Vietnam,1001+,76-100%,Better Work,108.5,15.576
Ideal Technology Company Limited Dongguan Branch,Dongguan,Guangdong,China,101-500,26-50%,NA,113.747,23.044
Mcpp Netherlands B.V.,Helmond,Noord-Brabant,Netherlands,0-100,26-50%,NA,5.656,51.479
Gaomi Monyuan Home Fashions Ltd,Gaomi,Shandong,China,1001+,51-75%,NA,119.801,36.365
Shanghai Kaihong Electronic Company,Shanghai,Shanghai,China,1001+,51-75%,NA,121.489,31.225
Aztech Communication Device (DG) Ltd,Dongguan,Guangdong,China,501-1000,26-50%,NA,113.747,23.044
